node,label,community,degree_centrality,betweenness_centrality,dominant_emotion
ayyubi1127108,@ayyubi1127108,0.0,0.0010309278350515,0.0,disgust
Sekjebn,@Sekjebn,0.0,0.002061855670103,2.12781802900216e-06,neutral
azzundip,@azzundip,1.0,0.0010309278350515,0.0,disgust
cintamiyamin,@cintamiyamin,1.0,0.0010309278350515,0.0,neutral
hapycbyf,@hapycbyf,2.0,0.0010309278350515,0.0,disgust
spicygumbear,@spicygumbear,2.0,0.0010309278350515,0.0,neutral
Giziiii21,@Giziiii21,3.0,0.0041237113402061,1.276690817401296e-05,disgust
The911onABC,@The911onABC,3.0,0.0010309278350515,0.0,neutral
katrinrienks,@katrinrienks,4.0,0.0010309278350515,0.0,disgust
denni_sauya,@denni_sauya,4.0,0.0010309278350515,0.0,neutral
bangpoerslalu,@bangpoerslalu,15.0,0.002061855670103,0.0001851201685231,disgust
txtdrimedia,@txtdrimedia,15.0,0.0010309278350515,0.0,disgust
levelupyourss,@levelupyourss,6.0,0.0010309278350515,0.0,disgust
abbangz,@abbangz,6.0,0.0010309278350515,0.0,neutral
SussySusanti9,@SussySusanti9,7.0,0.002061855670103,2.12781802900216e-06,disgust
KaZep7,@KaZep7,7.0,0.0010309278350515,0.0,neutral
narkosun,@narkosun,7.0,0.0010309278350515,0.0,disgust
Casagrande10939,@Casagrande10939,8.0,0.0103092783505154,9.57518113050972e-05,disgust
SauloLinsFreir1,@SauloLinsFreir1,8.0,0.0010309278350515,0.0,neutral
misteriouspavao,@misteriouspavao,8.0,0.0010309278350515,0.0,neutral
HaileeNicole03,@HaileeNicole03,3.0,0.0010309278350515,0.0,neutral
RyliverUpdates,@RyliverUpdates,3.0,0.0010309278350515,0.0,neutral
DreamItFRR7,@DreamItFRR7,3.0,0.0010309278350515,0.0,neutral
pamcosta21,@pamcosta21,8.0,0.0010309278350515,0.0,neutral
lateniteyap,@lateniteyap,9.0,0.0010309278350515,0.0,disgust
tanyakanrl,@tanyakanrl,9.0,0.0051546391752577,4.042854255104103e-05,disgust
byryull,@byryull,10.0,0.0010309278350515,0.0,disgust
ryulmaniaz,@ryulmaniaz,10.0,0.0010309278350515,0.0,neutral
preman69691,@preman69691,11.0,0.0010309278350515,0.0,disgust
DudeRafay60339,@DudeRafay60339,11.0,0.002061855670103,2.12781802900216e-06,neutral
junghwcan,@junghwcan,12.0,0.0010309278350515,0.0,disgust
minjeonug,@minjeonug,12.0,0.0010309278350515,0.0,neutral
DianRavi,@DianRavi,13.0,0.0010309278350515,0.0,disgust
kudanielbintik,@kudanielbintik,13.0,0.0010309278350515,0.0,disgust
TKawekas,@TKawekas,14.0,0.002061855670103,2.12781802900216e-06,disgust
daryllno4h,@daryllno4h,14.0,0.0010309278350515,0.0,neutral
Verun_000,@Verun_000,14.0,0.0010309278350515,0.0,neutral
IDeph13,@IDeph13,15.0,0.0010309278350515,0.0,disgust
RaidenKevin17,@RaidenKevin17,15.0,0.002061855670103,0.0001851201685231,disgust
camisa10sci,@camisa10sci,8.0,0.0010309278350515,0.0,neutral
Kell_cristineR,@Kell_cristineR,8.0,0.0010309278350515,0.0,neutral
anniestandersen,@anniestandersen,8.0,0.0010309278350515,0.0,neutral
BolsonaroSP,@BolsonaroSP,8.0,0.0010309278350515,0.0,neutral
TheInterceptBr,@TheInterceptBr,8.0,0.0010309278350515,0.0,neutral
4Y4NKZ,@4Y4NKZ,16.0,0.0164948453608247,0.0001606502611896,disgust
newIding30,@newIding30,16.0,0.0154639175257731,9.681572031959828e-05,disgust
bonapasogit24,@bonapasogit24,16.0,0.002061855670103,0.0,neutral
trihhh14,@trihhh14,16.0,0.002061855670103,0.0,neutral
branjangankawat,@branjangankawat,16.0,0.002061855670103,0.0,neutral
tokaidirecycle,@tokaidirecycle,16.0,0.002061855670103,0.0,neutral
DestaMega27,@DestaMega27,16.0,0.002061855670103,0.0,neutral
wiyantokdr54,@wiyantokdr54,16.0,0.002061855670103,0.0,neutral
NusantaraJaya26,@NusantaraJaya26,16.0,0.002061855670103,0.0,neutral
YosAditya61,@YosAditya61,16.0,0.002061855670103,0.0,neutral
HafsaHerma41994,@HafsaHerma41994,16.0,0.002061855670103,0.0,neutral
mikuroQ,@mikuroQ,16.0,0.002061855670103,0.0,neutral
Asuka49043105,@Asuka49043105,16.0,0.002061855670103,0.0,neutral
fahmanSaja,@fahmanSaja,16.0,0.002061855670103,0.0,neutral
riyadisugeng167,@riyadisugeng167,16.0,0.002061855670103,0.0,neutral
Jediimar,@Jediimar,16.0,0.002061855670103,0.0,neutral
fanserine48,@fanserine48,0.0,0.0010309278350515,0.0,disgust
AsliDongo,@AsliDongo,17.0,0.0010309278350515,0.0,disgust
aimr0d,@aimr0d,17.0,0.0010309278350515,0.0,neutral
langitygbiru7,@langitygbiru7,15.0,0.0010309278350515,0.0,disgust
regar_op0sisi,@regar_op0sisi,15.0,0.0072164948453608,0.0045641696722096,disgust
JoniStrak01,@JoniStrak01,15.0,0.0010309278350515,0.0,disgust
citogog,@citogog,18.0,0.0010309278350515,0.0,disgust
Duren___,@Duren___,18.0,0.0010309278350515,0.0,neutral
naniesiahidayah,@naniesiahidayah,19.0,0.0010309278350515,0.0,disgust
avocadowaa,@avocadowaa,19.0,0.0010309278350515,0.0,neutral
Hendy74039,@Hendy74039,20.0,0.0010309278350515,0.0,disgust
LexMarteg,@LexMarteg,20.0,0.0010309278350515,0.0,neutral
888MBG,@888MBG,21.0,0.0030927835051546,6.383454087006479e-06,disgust
WesleyHuntTX,@WesleyHuntTX,21.0,0.0010309278350515,0.0,neutral
karimNoo12,@karimNoo12,22.0,0.0010309278350515,0.0,disgust
Y_CynthiaJKT48,@Y_CynthiaJKT48,22.0,0.0010309278350515,0.0,neutral
xquitavee,@xquitavee,15.0,0.002061855670103,0.0003659847009883,disgust
Khuhua,@Khuhua,23.0,0.0010309278350515,0.0,disgust
SpacesFolios,@SpacesFolios,23.0,0.002061855670103,2.12781802900216e-06,neutral
Profokiev,@Profokiev,24.0,0.0010309278350515,0.0,disgust
zenitrova,@zenitrova,24.0,0.0010309278350515,0.0,neutral
RekjanS,@RekjanS,25.0,0.0010309278350515,0.0,disgust
FayaAtika,@FayaAtika,25.0,0.0010309278350515,0.0,neutral
anindyabelle,@anindyabelle,26.0,0.0010309278350515,0.0,disgust
danskuss,@danskuss,26.0,0.002061855670103,2.12781802900216e-06,neutral
asbackretack,@asbackretack,27.0,0.0010309278350515,0.0,disgust
Makaryo0,@Makaryo0,27.0,0.0030927835051546,1.702254423201728e-05,disgust
sijidw,@sijidw,27.0,0.002061855670103,8.511272116008639e-06,disgust
rizalxharun,@rizalxharun,27.0,0.0010309278350515,0.0,neutral
menbrrr,@menbrrr,28.0,0.0010309278350515,0.0,disgust
fiif_ardani,@fiif_ardani,28.0,0.0010309278350515,0.0,neutral
_Nikolicious,@_Nikolicious,29.0,0.0010309278350515,0.0,disgust
xongra56latione,@xongra56latione,29.0,0.0010309278350515,0.0,neutral
sabtudepan,@sabtudepan,30.0,0.0010309278350515,0.0,disgust
xAvellesch,@xAvellesch,30.0,0.0010309278350515,0.0,neutral
ziyaay111226212,@ziyaay111226212,31.0,0.0010309278350515,0.0,disgust
Sarangkusayang,@Sarangkusayang,31.0,0.0010309278350515,0.0,neutral
canmenita,@canmenita,32.0,0.0010309278350515,0.0,disgust
kuyngnim,@kuyngnim,32.0,0.0010309278350515,0.0,neutral
040Fitri84093,@040Fitri84093,33.0,0.002061855670103,2.12781802900216e-06,disgust
alwaysNanAd_,@alwaysNanAd_,33.0,0.0010309278350515,0.0,neutral
zynjinie_,@zynjinie_,33.0,0.0010309278350515,0.0,disgust
jjuberockin,@jjuberockin,34.0,0.0010309278350515,0.0,disgust
xxaegle,@xxaegle,34.0,0.0010309278350515,0.0,neutral
punishe98373138,@punishe98373138,15.0,0.0072164948453608,0.0011564690987626,disgust
prabowo,@prabowo,15.0,0.0154639175257731,0.0054131690657814,neutral
DPR_RI,@DPR_RI,15.0,0.0010309278350515,0.0,neutral
MPR,@MPR,15.0,0.0010309278350515,0.0,neutral
Gerindra,@Gerindra,15.0,0.0010309278350515,0.0,neutral
sjafriesjams,@sjafriesjams,15.0,0.002061855670103,4.468417860904535e-05,neutral
bang_dasco,@bang_dasco,15.0,0.0010309278350515,0.0,neutral
AriFleischer,@AriFleischer,21.0,0.0010309278350515,0.0,neutral
igt_hast2prast,@igt_hast2prast,35.0,0.0010309278350515,0.0,disgust
otaknyakonslet,@otaknyakonslet,35.0,0.0010309278350515,0.0,neutral
Leifisherman,@Leifisherman,36.0,0.0010309278350515,0.0,disgust
Hidupsebagai62,@Hidupsebagai62,36.0,0.0010309278350515,0.0,neutral
ctrlaltdel_77,@ctrlaltdel_77,37.0,0.0041237113402061,1.276690817401296e-05,disgust
naiotnayrad,@naiotnayrad,37.0,0.0010309278350515,0.0,neutral
geofisi21994,@geofisi21994,37.0,0.0010309278350515,0.0,neutral
pamboodi,@pamboodi,37.0,0.0010309278350515,0.0,neutral
Gate_76,@Gate_76,37.0,0.0010309278350515,0.0,neutral
jeymire_,@jeymire_,38.0,0.0010309278350515,0.0,disgust
jahrarubyjaraa,@jahrarubyjaraa,38.0,0.0010309278350515,0.0,neutral
EricLDaugh,@EricLDaugh,21.0,0.0010309278350515,0.0,neutral
EpicRifqi,@EpicRifqi,39.0,0.0010309278350515,0.0,disgust
kompascom,@kompascom,39.0,0.0010309278350515,0.0,disgust
Xint_elvira05,@Xint_elvira05,40.0,0.0010309278350515,0.0,love
vespamatic96,@vespamatic96,40.0,0.0010309278350515,0.0,neutral
Ryan_Ramirez,@Ryan_Ramirez,41.0,0.0010309278350515,0.0,disgust
MiskinTV_,@MiskinTV_,41.0,0.0010309278350515,0.0,disgust
Yurifications_,@Yurifications_,42.0,0.0010309278350515,0.0,disgust
Aqua_Tako,@Aqua_Tako,42.0,0.0010309278350515,0.0,neutral
AvocadomiL,@AvocadomiL,43.0,0.0010309278350515,0.0,disgust
cozyaltruis,@cozyaltruis,43.0,0.0010309278350515,0.0,disgust
MuhamadNasir_79,@MuhamadNasir_79,15.0,0.0010309278350515,0.0,disgust
oelmaoel,@oelmaoel,44.0,0.002061855670103,1.06390901450108e-05,disgust
A_LuluJKT48,@A_LuluJKT48,44.0,0.0010309278350515,0.0,neutral
Aho_Serval,@Aho_Serval,45.0,0.0010309278350515,0.0,disgust
Nessss_02,@Nessss_02,45.0,0.0010309278350515,0.0,disgust
Rhym03,@Rhym03,15.0,0.002061855670103,0.0003659847009883,disgust
Jelli_cent,@Jelli_cent,15.0,0.002061855670103,0.0001851201685231,disgust
jseongnara29,@jseongnara29,46.0,0.002061855670103,2.12781802900216e-06,disgust
lheeseungily_,@lheeseungily_,46.0,0.0010309278350515,0.0,neutral
lopjaywon,@lopjaywon,46.0,0.0010309278350515,0.0,neutral
bicepsmingyu,@bicepsmingyu,47.0,0.0010309278350515,0.0,disgust
wondunge,@wondunge,47.0,0.002061855670103,4.25563605800432e-06,neutral
deelicato,@deelicato,48.0,0.002061855670103,6.383454087006479e-06,disgust
hunter_tnok,@hunter_tnok,48.0,0.002061855670103,8.511272116008639e-06,neutral
Jefferyyyyy,@Jefferyyyyy,48.0,0.0010309278350515,0.0,neutral
zellechao,@zellechao,49.0,0.0010309278350515,0.0,disgust
rsloav,@rsloav,49.0,0.0010309278350515,0.0,neutral
4ssahongsam,@4ssahongsam,50.0,0.0010309278350515,0.0,disgust
13_iwaN,@13_iwaN,50.0,0.0010309278350515,0.0,neutral
aksukadiskon,@aksukadiskon,51.0,0.0010309278350515,0.0,disgust
kimmyexp,@kimmyexp,51.0,0.0010309278350515,0.0,disgust
moonlyheeesunie,@moonlyheeesunie,52.0,0.002061855670103,2.12781802900216e-06,disgust
_ikkeunapp,@_ikkeunapp,52.0,0.0010309278350515,0.0,neutral
Byll_Upg,@Byll_Upg,53.0,0.0010309278350515,0.0,disgust
BarisanPemudaRI,@BarisanPemudaRI,53.0,0.0010309278350515,0.0,neutral
C_OnielJKT48,@C_OnielJKT48,44.0,0.002061855670103,1.702254423201728e-05,neutral
IOS_GrizlyWolf,@IOS_GrizlyWolf,26.0,0.0010309278350515,0.0,disgust
baymax911,@baymax911,54.0,0.0010309278350515,0.0,disgust
neesannisaa,@neesannisaa,54.0,0.0010309278350515,0.0,neutral
kelambang,@kelambang,55.0,0.0010309278350515,0.0,disgust
SobatUwu,@SobatUwu,55.0,0.0010309278350515,0.0,neutral
multibank_io,@multibank_io,56.0,0.0051546391752577,3.830072452203888e-05,disgust
teedubya,@teedubya,56.0,0.0010309278350515,0.0,neutral
Zak_mbg,@Zak_mbg,56.0,0.0010309278350515,0.0,neutral
mbgtoken,@mbgtoken,56.0,0.0030927835051546,2.340599831902376e-05,disgust
Bitpanda,@Bitpanda,56.0,0.0010309278350515,0.0,neutral
MultiBankGroup,@MultiBankGroup,56.0,0.0010309278350515,0.0,neutral
juraganasset,@juraganasset,15.0,0.0010309278350515,0.0,disgust
MBGtoken,@MBGtoken,56.0,0.0010309278350515,0.0,neutral
EvoXHQ,@EvoXHQ,57.0,0.0010309278350515,0.0,disgust
pon_beer_mbg,@pon_beer_mbg,57.0,0.0010309278350515,0.0,neutral
bbiiyaya,@bbiiyaya,15.0,0.0041237113402061,0.0005489770514825,disgust
kemenkeu,@kemenkeu,15.0,0.0010309278350515,0.0,neutral
bpkri,@bpkri,15.0,0.0010309278350515,0.0,neutral
KejaksaanRI,@KejaksaanRI,15.0,0.0010309278350515,0.0,neutral
0dicta,@0dicta,58.0,0.0010309278350515,0.0,disgust
LambeSahamjja,@LambeSahamjja,58.0,0.0041237113402061,1.276690817401296e-05,disgust
Rooseno16,@Rooseno16,59.0,0.002061855670103,4.25563605800432e-06,disgust
jeanhanji,@jeanhanji,59.0,0.0010309278350515,0.0,neutral
KapudS640,@KapudS640,59.0,0.002061855670103,4.25563605800432e-06,disgust
SusahDicari_01,@SusahDicari_01,60.0,0.002061855670103,2.12781802900216e-06,disgust
PutraMataSatu,@PutraMataSatu,60.0,0.0010309278350515,0.0,neutral
msaid_didu,@msaid_didu,60.0,0.0010309278350515,0.0,neutral
shehzaezen,@shehzaezen,61.0,0.0010309278350515,0.0,disgust
unmagnetism,@unmagnetism,61.0,0.002061855670103,0.0001851201685231,disgust
kurniawanaghil,@kurniawanaghil,15.0,0.0010309278350515,0.0,disgust
apatisgelap,@apatisgelap,62.0,0.0010309278350515,0.0,disgust
tuanmudazuhri,@tuanmudazuhri,62.0,0.0010309278350515,0.0,neutral
MBGLucas,@MBGLucas,63.0,0.0010309278350515,0.0,disgust
therealbuni,@therealbuni,63.0,0.0010309278350515,0.0,neutral
mukaikhlas,@mukaikhlas,64.0,0.002061855670103,2.12781802900216e-06,disgust
barcastuff_idn,@barcastuff_idn,64.0,0.0010309278350515,0.0,neutral
xiaotingiee,@xiaotingiee,65.0,0.0010309278350515,0.0,disgust
TllorVenus,@TllorVenus,65.0,0.0010309278350515,0.0,neutral
vanphetamine,@vanphetamine,66.0,0.0010309278350515,0.0,disgust
burjerQUEEN,@burjerQUEEN,66.0,0.0010309278350515,0.0,neutral
real__1993,@real__1993,67.0,0.0010309278350515,0.0,disgust
official_IMETU,@official_IMETU,67.0,0.0010309278350515,0.0,neutral
luckytsar,@luckytsar,15.0,0.0010309278350515,0.0,disgust
grok,@grok,61.0,0.0432989690721649,0.005940867936974,disgust
HSoekma23,@HSoekma23,61.0,0.0010309278350515,0.0,neutral
unpwettygurl,@unpwettygurl,68.0,0.0010309278350515,0.0,disgust
naikkaki,@naikkaki,68.0,0.0010309278350515,0.0,neutral
ganjarpranowo,@ganjarpranowo,15.0,0.0010309278350515,0.0,neutral
kirimminji,@kirimminji,69.0,0.0010309278350515,0.0,disgust
haarxto,@haarxto,69.0,0.0010309278350515,0.0,neutral
Choco_CakeGirl,@Choco_CakeGirl,70.0,0.0010309278350515,0.0,disgust
lufcentt,@lufcentt,70.0,0.0010309278350515,0.0,neutral
cecanssizzle,@cecanssizzle,71.0,0.0010309278350515,0.0,disgust
eatsimple_x,@eatsimple_x,71.0,0.0010309278350515,0.0,neutral
UNinIndonesia,@UNinIndonesia,72.0,0.0010309278350515,0.0,disgust
FAO,@FAO,72.0,0.0010309278350515,0.0,neutral
chronictides,@chronictides,73.0,0.0010309278350515,0.0,disgust
JunonYaoi,@JunonYaoi,73.0,0.0010309278350515,0.0,neutral
KRjogjadotcom,@KRjogjadotcom,74.0,0.0010309278350515,0.0,disgust
KemenkesRI,@KemenkesRI,74.0,0.0010309278350515,0.0,neutral
Turu748392,@Turu748392,75.0,0.0041237113402061,1.276690817401296e-05,disgust
HaryaWee,@HaryaWee,75.0,0.0010309278350515,0.0,neutral
ANDIJaya490011,@ANDIJaya490011,75.0,0.0010309278350515,0.0,neutral
ren_tonggg,@ren_tonggg,75.0,0.0010309278350515,0.0,neutral
BANGSAygSUJUD,@BANGSAygSUJUD,75.0,0.0010309278350515,0.0,neutral
Arnikaaa7,@Arnikaaa7,76.0,0.002061855670103,4.25563605800432e-06,disgust
mengendog,@mengendog,76.0,0.0010309278350515,0.0,neutral
ARSIPAJA,@ARSIPAJA,76.0,0.002061855670103,4.25563605800432e-06,neutral
keisthoughts,@keisthoughts,77.0,0.0010309278350515,0.0,disgust
Diary7268742469,@Diary7268742469,77.0,0.0010309278350515,0.0,neutral
signewsx,@signewsx,78.0,0.002061855670103,0.0,disgust
iz_fad,@iz_fad,15.0,0.002061855670103,0.0001851201685231,disgust
ekowboy2,@ekowboy2,15.0,0.0010309278350515,0.0,neutral
yeyonjunm,@yeyonjunm,79.0,0.0010309278350515,0.0,disgust
ppetalscsbn,@ppetalscsbn,79.0,0.0010309278350515,0.0,neutral
qiyukithes,@qiyukithes,80.0,0.0010309278350515,0.0,disgust
kakcaleb,@kakcaleb,80.0,0.0010309278350515,0.0,neutral
meliacomels,@meliacomels,81.0,0.0010309278350515,0.0,disgust
araalfarc,@araalfarc,81.0,0.0010309278350515,0.0,neutral
xxbunitoxx,@xxbunitoxx,82.0,0.0010309278350515,0.0,disgust
hyulryul,@hyulryul,82.0,0.0010309278350515,0.0,neutral
MeIlngar,@MeIlngar,83.0,0.0030927835051546,6.383454087006479e-06,disgust
Aeroleth,@Aeroleth,83.0,0.0010309278350515,0.0,neutral
rosyyzls,@rosyyzls,84.0,0.0010309278350515,0.0,disgust
rosyluluzi,@rosyluluzi,84.0,0.0010309278350515,0.0,neutral
AzureMandsager,@AzureMandsager,85.0,0.0010309278350515,0.0,disgust
chomeiyeo,@chomeiyeo,85.0,0.0010309278350515,0.0,neutral
c0rtisean,@c0rtisean,86.0,0.002061855670103,0.0,disgust
kisscatto,@kisscatto,87.0,0.0010309278350515,0.0,disgust
Burgeohn,@Burgeohn,87.0,0.0010309278350515,0.0,neutral
annebolleyn_,@annebolleyn_,88.0,0.0010309278350515,0.0,disgust
norihaya_,@norihaya_,88.0,0.0010309278350515,0.0,neutral
AvelinoGuido28,@AvelinoGuido28,89.0,0.0010309278350515,0.0,disgust
tempodotco,@tempodotco,89.0,0.0010309278350515,0.0,neutral
paulus_pebria,@paulus_pebria,90.0,0.0010309278350515,0.0,disgust
eleanorr234,@eleanorr234,90.0,0.0010309278350515,0.0,neutral
aurahoki9_,@aurahoki9_,91.0,0.0010309278350515,0.0,disgust
henzzid,@henzzid,91.0,0.0010309278350515,0.0,neutral
Natha66962444,@Natha66962444,92.0,0.0010309278350515,0.0,disgust
susno2g,@susno2g,92.0,0.0010309278350515,0.0,neutral
arrahmah,@arrahmah,93.0,0.002061855670103,2.12781802900216e-06,disgust
arrahmahdotid,@arrahmahdotid,93.0,0.0010309278350515,0.0,neutral
arrahmah_id,@arrahmah_id,93.0,0.0010309278350515,0.0,neutral
banten_pemprov,@banten_pemprov,94.0,0.0051546391752577,6.383454087006479e-06,disgust
pemerintahprovinsibanten,@pemerintahprovinsibanten,94.0,0.0010309278350515,0.0,neutral
pemprovbanten,@pemprovbanten,94.0,0.0010309278350515,0.0,neutral
bantenprov,@bantenprov,94.0,0.0010309278350515,0.0,neutral
kudanyeng1r_,@kudanyeng1r_,61.0,0.0010309278350515,0.0,neutral
sosmedkeras,@sosmedkeras,95.0,0.0010309278350515,0.0,disgust
ariessphoto,@ariessphoto,95.0,0.0010309278350515,0.0,neutral
RicKY_KCh,@RicKY_KCh,15.0,0.0010309278350515,0.0,disgust
FaGtng,@FaGtng,15.0,0.0010309278350515,0.0,disgust
KompasTV,@KompasTV,96.0,0.002061855670103,0.0,disgust
direktoridosen,@direktoridosen,15.0,0.0041237113402061,0.0012362622748502,disgust
dosenkesmas,@dosenkesmas,15.0,0.002061855670103,0.0001851201685231,disgust
iPoopBased,@iPoopBased,15.0,0.0010309278350515,0.0,neutral
gibran_tweet,@gibran_tweet,15.0,0.002061855670103,0.0005425935973955,neutral
merindukan07,@merindukan07,61.0,0.0010309278350515,0.0,neutral
yaniarsim,@yaniarsim,61.0,0.0010309278350515,0.0,neutral
Biskuitcoklat28,@Biskuitcoklat28,97.0,0.0010309278350515,0.0,love
B3doel___,@B3doel___,97.0,0.0010309278350515,0.0,neutral
rmbantitermul,@rmbantitermul,98.0,0.0010309278350515,0.0,disgust
Txtdariiugm,@Txtdariiugm,98.0,0.002061855670103,2.12781802900216e-06,neutral
wilsonlimaslz,@wilsonlimaslz,8.0,0.0010309278350515,0.0,neutral
reis_dos78287,@reis_dos78287,8.0,0.0010309278350515,0.0,neutral
MariaAlkaff_,@MariaAlkaff_,99.0,0.002061855670103,2.12781802900216e-06,disgust
OmJ_J3Nggott,@OmJ_J3Nggott,99.0,0.0010309278350515,0.0,disgust
Dsxxll5,@Dsxxll5,99.0,0.0010309278350515,0.0,neutral
raraisya_1,@raraisya_1,100.0,0.0010309278350515,0.0,disgust
DivHumas_Polri,@DivHumas_Polri,100.0,0.002061855670103,4.25563605800432e-06,disgust
Jennywasright,@Jennywasright,101.0,0.0030927835051546,6.383454087006479e-06,disgust
Delynn_JKT48,@Delynn_JKT48,101.0,0.0010309278350515,0.0,neutral
Greesel_JKT48,@Greesel_JKT48,101.0,0.0010309278350515,0.0,disgust
Yozgat_gizi,@Yozgat_gizi,102.0,0.002061855670103,2.12781802900216e-06,disgust
yozgatfmtv,@yozgatfmtv,102.0,0.0010309278350515,0.0,neutral
bersucuregurl,@bersucuregurl,103.0,0.002061855670103,0.0,disgust
BeYumoi,@BeYumoi,104.0,0.0010309278350515,0.0,disgust
jokowi,@jokowi,104.0,0.0010309278350515,0.0,neutral
HimaGiziUhamka,@HimaGiziUhamka,105.0,0.0041237113402061,2.12781802900216e-06,disgust
himagiziuhamka,@himagiziuhamka,105.0,0.0010309278350515,0.0,neutral
efn5645e,@efn5645e,105.0,0.0010309278350515,0.0,neutral
eMbahNyutz,@eMbahNyutz,61.0,0.0010309278350515,0.0,neutral
toniheru,@toniheru,61.0,0.0010309278350515,0.0,neutral
YudhaShanny2,@YudhaShanny2,106.0,0.0010309278350515,0.0,disgust
CakArmuji,@CakArmuji,106.0,0.0010309278350515,0.0,neutral
Siputty1,@Siputty1,15.0,0.0010309278350515,0.0,disgust
Yunusakbaba1905,@Yunusakbaba1905,102.0,0.0010309278350515,0.0,neutral
Navpem,@Navpem,107.0,0.0010309278350515,0.0,disgust
nksthi,@nksthi,107.0,0.0010309278350515,0.0,neutral
afrkml,@afrkml,108.0,0.0010309278350515,0.0,disgust
tingtingtuing_,@tingtingtuing_,108.0,0.0010309278350515,0.0,neutral
daffiriffi,@daffiriffi,15.0,0.0072164948453608,0.0009841158384134,disgust
Puspen_TNI,@Puspen_TNI,15.0,0.0010309278350515,0.0,neutral
Puspom_ad,@Puspom_ad,15.0,0.0010309278350515,0.0,neutral
tni_ad,@tni_ad,15.0,0.0010309278350515,0.0,neutral
_TNIAL_,@_TNIAL_,15.0,0.0010309278350515,0.0,neutral
_TNIAU,@_TNIAU,15.0,0.0010309278350515,0.0,neutral
saskiadina7,@saskiadina7,15.0,0.0010309278350515,0.0,disgust
DedynurPalakka,@DedynurPalakka,109.0,0.0010309278350515,0.0,disgust
Arman_topbgt,@Arman_topbgt,109.0,0.0010309278350515,0.0,disgust
markyasoul,@markyasoul,110.0,0.0010309278350515,0.0,disgust
cheettahlee,@cheettahlee,110.0,0.0010309278350515,0.0,neutral
verl0x,@verl0x,111.0,0.0010309278350515,0.0,disgust
bopo_jodhipati,@bopo_jodhipati,111.0,0.0010309278350515,0.0,disgust
idn_app,@idn_app,112.0,0.002061855670103,4.25563605800432e-06,disgust
CErine_JKT48,@CErine_JKT48,112.0,0.002061855670103,4.25563605800432e-06,neutral
Rilly_JKT48,@Rilly_JKT48,112.0,0.0010309278350515,0.0,neutral
txtfrommtiktok,@txtfrommtiktok,113.0,0.0010309278350515,0.0,disgust
UTDFade,@UTDFade,113.0,0.0010309278350515,0.0,neutral
liaasister,@liaasister,114.0,0.002061855670103,2.12781802900216e-06,disgust
P3gEl,@P3gEl,114.0,0.0010309278350515,0.0,disgust
ronnyhenk1,@ronnyhenk1,114.0,0.0010309278350515,0.0,neutral
adskals,@adskals,115.0,0.0010309278350515,0.0,love
tir_mcdohll,@tir_mcdohll,115.0,0.002061855670103,2.12781802900216e-06,neutral
judyopiaa,@judyopiaa,116.0,0.0010309278350515,0.0,disgust
chessefolkss,@chessefolkss,116.0,0.0010309278350515,0.0,neutral
adzakael,@adzakael,117.0,0.0010309278350515,0.0,disgust
wfr3104,@wfr3104,117.0,0.002061855670103,2.12781802900216e-06,neutral
graciasworld_,@graciasworld_,9.0,0.002061855670103,1.276690817401296e-05,disgust
rapp_yoongi,@rapp_yoongi,9.0,0.0010309278350515,0.0,neutral
vandelavan,@vandelavan,118.0,0.0010309278350515,0.0,disgust
daybyzak,@daybyzak,118.0,0.0010309278350515,0.0,neutral
IsmauAlim,@IsmauAlim,119.0,0.0010309278350515,0.0,disgust
Gendoet3G,@Gendoet3G,119.0,0.0010309278350515,0.0,neutral
amateurgy,@amateurgy,120.0,0.0010309278350515,0.0,disgust
hiitsteengirl,@hiitsteengirl,120.0,0.0010309278350515,0.0,neutral
rince_life,@rince_life,121.0,0.002061855670103,2.12781802900216e-06,disgust
eLAmaravati,@eLAmaravati,121.0,0.0010309278350515,0.0,neutral
peppreoni,@peppreoni,121.0,0.0010309278350515,0.0,neutral
ranqueenie04,@ranqueenie04,122.0,0.0010309278350515,0.0,disgust
tanyarlfes,@tanyarlfes,122.0,0.0051546391752577,2.978945240603024e-05,disgust
tresmerveilleux,@tresmerveilleux,123.0,0.0010309278350515,0.0,disgust
cigareaftrdeath,@cigareaftrdeath,123.0,0.0010309278350515,0.0,neutral
martinayosevina,@martinayosevina,124.0,0.002061855670103,2.12781802900216e-06,disgust
FikRiddler,@FikRiddler,124.0,0.0010309278350515,0.0,neutral
adanginyah,@adanginyah,124.0,0.0010309278350515,0.0,disgust
amoebazoa_,@amoebazoa_,125.0,0.0010309278350515,0.0,disgust
Arlecchinio,@Arlecchinio,125.0,0.0010309278350515,0.0,neutral
Capitalisborju,@Capitalisborju,16.0,0.002061855670103,3.404508846403456e-05,disgust
kipyiksamgong,@kipyiksamgong,16.0,0.0010309278350515,0.0,neutral
kiyomigummy,@kiyomigummy,126.0,0.0010309278350515,0.0,disgust
Tenszchii,@Tenszchii,126.0,0.0010309278350515,0.0,neutral
babyrfox,@babyrfox,127.0,0.0010309278350515,0.0,love
Hanibon1004,@Hanibon1004,127.0,0.0010309278350515,0.0,neutral
Hearts2INA,@Hearts2INA,128.0,0.0010309278350515,0.0,disgust
Hearts2Hearts,@Hearts2Hearts,128.0,0.0010309278350515,0.0,neutral
susueuno,@susueuno,129.0,0.0010309278350515,0.0,disgust
thessnam,@thessnam,129.0,0.0010309278350515,0.0,neutral
QNisa22,@QNisa22,130.0,0.0010309278350515,0.0,disgust
bckupacc99,@bckupacc99,130.0,0.002061855670103,2.12781802900216e-06,neutral
febrixnx,@febrixnx,131.0,0.0010309278350515,0.0,disgust
G_minton,@G_minton,131.0,0.002061855670103,2.12781802900216e-06,neutral
AryaB1172,@AryaB1172,132.0,0.0010309278350515,0.0,disgust
Astro_Boy020,@Astro_Boy020,132.0,0.0010309278350515,0.0,disgust
duraNOTace,@duraNOTace,133.0,0.0010309278350515,0.0,disgust
sjfi_twider,@sjfi_twider,133.0,0.0010309278350515,0.0,neutral
Callherfray,@Callherfray,134.0,0.0010309278350515,0.0,disgust
Ccookk_,@Ccookk_,134.0,0.0010309278350515,0.0,disgust
flwrm00n,@flwrm00n,135.0,0.0010309278350515,0.0,disgust
bardanslm,@bardanslm,135.0,0.0010309278350515,0.0,disgust
mmelisa0309,@mmelisa0309,136.0,0.0010309278350515,0.0,disgust
hizwani,@hizwani,136.0,0.0010309278350515,0.0,neutral
211_istp,@211_istp,137.0,0.0010309278350515,0.0,disgust
chanheeehnahc,@chanheeehnahc,137.0,0.0010309278350515,0.0,neutral
fishcrman,@fishcrman,138.0,0.0010309278350515,0.0,disgust
galanntis,@galanntis,138.0,0.0010309278350515,0.0,neutral
MFBonX,@MFBonX,139.0,0.0010309278350515,0.0,disgust
Willi301001,@Willi301001,139.0,0.0010309278350515,0.0,neutral
Alarsszz,@Alarsszz,140.0,0.002061855670103,2.12781802900216e-06,disgust
anggraenime,@anggraenime,140.0,0.0010309278350515,0.0,neutral
ira_ndni,@ira_ndni,141.0,0.002061855670103,2.12781802900216e-06,disgust
doublesixbabe,@doublesixbabe,141.0,0.0010309278350515,0.0,neutral
zeegot_,@zeegot_,141.0,0.0010309278350515,0.0,neutral
bebekxpanda,@bebekxpanda,142.0,0.0010309278350515,0.0,disgust
wwwteshow06,@wwwteshow06,142.0,0.0010309278350515,0.0,neutral
notresponding02,@notresponding02,122.0,0.0010309278350515,0.0,disgust
haryfahrain,@haryfahrain,143.0,0.002061855670103,6.383454087006479e-06,disgust
simply_err,@simply_err,143.0,0.0010309278350515,0.0,neutral
itbfess_x,@itbfess_x,143.0,0.0030927835051546,8.511272116008639e-06,neutral
Iam23853426,@Iam23853426,144.0,0.0010309278350515,0.0,disgust
qrivasiii,@qrivasiii,144.0,0.0010309278350515,0.0,neutral
mn_ji__,@mn_ji__,145.0,0.0010309278350515,0.0,disgust
carbs_racha,@carbs_racha,145.0,0.0010309278350515,0.0,neutral
vouzmoex,@vouzmoex,115.0,0.0010309278350515,0.0,disgust
shavyre,@shavyre,146.0,0.0010309278350515,0.0,love
ocilbetterthing,@ocilbetterthing,146.0,0.0010309278350515,0.0,neutral
duchessutara,@duchessutara,147.0,0.0010309278350515,0.0,disgust
asmaramerona,@asmaramerona,147.0,0.0010309278350515,0.0,disgust
shughani06,@shughani06,148.0,0.0010309278350515,0.0,love
ZS2129,@ZS2129,148.0,0.0010309278350515,0.0,neutral
hellokyeomcute,@hellokyeomcute,9.0,0.0010309278350515,0.0,disgust
hans_thetic,@hans_thetic,149.0,0.0010309278350515,0.0,disgust
deeandra_naya,@deeandra_naya,149.0,0.0010309278350515,0.0,neutral
persetukuan,@persetukuan,150.0,0.0010309278350515,0.0,disgust
nyaw2yawn,@nyaw2yawn,150.0,0.0010309278350515,0.0,neutral
rerawon,@rerawon,151.0,0.002061855670103,4.25563605800432e-06,disgust
frrnbtst246,@frrnbtst246,151.0,0.0010309278350515,0.0,neutral
arieparikesit,@arieparikesit,151.0,0.002061855670103,4.25563605800432e-06,disgust
TengkuDTrace,@TengkuDTrace,117.0,0.0010309278350515,0.0,disgust
tenmaoko,@tenmaoko,152.0,0.0010309278350515,0.0,disgust
pentolanobuu,@pentolanobuu,152.0,0.0010309278350515,0.0,disgust
JhHsCwF4_86,@JhHsCwF4_86,140.0,0.0010309278350515,0.0,disgust
pchu2101,@pchu2101,122.0,0.0010309278350515,0.0,disgust
4evrlostt,@4evrlostt,153.0,0.0010309278350515,0.0,disgust
serenaderealm,@serenaderealm,153.0,0.0010309278350515,0.0,neutral
Toto_B2W,@Toto_B2W,154.0,0.0010309278350515,0.0,disgust
MasMenteri,@MasMenteri,154.0,0.0010309278350515,0.0,neutral
secretciaaa,@secretciaaa,155.0,0.0010309278350515,0.0,disgust
jastipelice,@jastipelice,155.0,0.0010309278350515,0.0,neutral
zagitovaalinaa,@zagitovaalinaa,156.0,0.0010309278350515,0.0,disgust
baseconvo,@baseconvo,156.0,0.0010309278350515,0.0,disgust
rezzahabibie,@rezzahabibie,101.0,0.0010309278350515,0.0,neutral
machalee26,@machalee26,157.0,0.0010309278350515,0.0,disgust
Deliarhyu_,@Deliarhyu_,157.0,0.0010309278350515,0.0,neutral
kukuhya,@kukuhya,158.0,0.0010309278350515,0.0,disgust
ulasanwarga,@ulasanwarga,158.0,0.0010309278350515,0.0,neutral
newwiesbear,@newwiesbear,159.0,0.0010309278350515,0.0,disgust
daysadber,@daysadber,159.0,0.0010309278350515,0.0,neutral
VisinemaID,@VisinemaID,160.0,0.0010309278350515,0.0,disgust
RedaGaudiamo,@RedaGaudiamo,160.0,0.0010309278350515,0.0,neutral
sakuinmypocket,@sakuinmypocket,161.0,0.0010309278350515,0.0,disgust
hrdbacot,@hrdbacot,161.0,0.002061855670103,2.12781802900216e-06,neutral
wolfiesweettalk,@wolfiesweettalk,122.0,0.0010309278350515,0.0,disgust
humeleceed,@humeleceed,162.0,0.0010309278350515,0.0,disgust
kucinghilang_,@kucinghilang_,162.0,0.0010309278350515,0.0,neutral
thranduilion,@thranduilion,163.0,0.0010309278350515,0.0,disgust
azisanoor,@azisanoor,163.0,0.0010309278350515,0.0,neutral
Naandaa27,@Naandaa27,100.0,0.002061855670103,4.25563605800432e-06,disgust
Polres_Kab_Bima,@Polres_Kab_Bima,100.0,0.0010309278350515,0.0,neutral
poerisia,@poerisia,164.0,0.0010309278350515,0.0,disgust
Rickyshenu,@Rickyshenu,164.0,0.0010309278350515,0.0,neutral
PamenangAgro,@PamenangAgro,151.0,0.0010309278350515,0.0,neutral
seMOAloka,@seMOAloka,165.0,0.0010309278350515,0.0,disgust
moa_surabaya,@moa_surabaya,165.0,0.0010309278350515,0.0,neutral
alssskey,@alssskey,166.0,0.0010309278350515,0.0,disgust
dindappd,@dindappd,166.0,0.0010309278350515,0.0,neutral
yourqkitten,@yourqkitten,167.0,0.0010309278350515,0.0,disgust
ElternHospi,@ElternHospi,167.0,0.0010309278350515,0.0,neutral
sungjintsel,@sungjintsel,168.0,0.0010309278350515,0.0,disgust
asteriia_c,@asteriia_c,168.0,0.0010309278350515,0.0,neutral
sebutsaja_avo,@sebutsaja_avo,61.0,0.0010309278350515,0.0,neutral
JefriNachkal,@JefriNachkal,61.0,0.0010309278350515,0.0,neutral
zoelfick,@zoelfick,169.0,0.0010309278350515,0.0,love
NathaliaChaca,@NathaliaChaca,169.0,0.0010309278350515,0.0,neutral
cirengkedut,@cirengkedut,170.0,0.0010309278350515,0.0,disgust
nifar4ngantukZz,@nifar4ngantukZz,170.0,0.0010309278350515,0.0,neutral
masihmuzysian,@masihmuzysian,171.0,0.0010309278350515,0.0,disgust
Roseixnx_,@Roseixnx_,171.0,0.0010309278350515,0.0,neutral
tcroco,@tcroco,172.0,0.0010309278350515,0.0,disgust
Gunuhg,@Gunuhg,172.0,0.0010309278350515,0.0,neutral
NamakuAbby,@NamakuAbby,173.0,0.002061855670103,2.12781802900216e-06,disgust
Kimmy_JKT48,@Kimmy_JKT48,173.0,0.0010309278350515,0.0,neutral
GROVY_ID,@GROVY_ID,173.0,0.0010309278350515,0.0,neutral
abuyahany,@abuyahany,174.0,0.0010309278350515,0.0,disgust
IRGC__Iran,@IRGC__Iran,174.0,0.0010309278350515,0.0,neutral
kogjiro,@kogjiro,175.0,0.0010309278350515,0.0,love
unthomasnt,@unthomasnt,175.0,0.0010309278350515,0.0,neutral
aaowdih,@aaowdih,176.0,0.0010309278350515,0.0,disgust
gawincaskey,@gawincaskey,176.0,0.0010309278350515,0.0,neutral
tattyhassan,@tattyhassan,177.0,0.0010309278350515,0.0,disgust
yeidd4656,@yeidd4656,177.0,0.0010309278350515,0.0,neutral
DewTeeID,@DewTeeID,178.0,0.0010309278350515,0.0,disgust
dew_jsu,@dew_jsu,178.0,0.0010309278350515,0.0,neutral
lararstudentens,@lararstudentens,179.0,0.0010309278350515,0.0,disgust
FredrikHjelm4,@FredrikHjelm4,179.0,0.0010309278350515,0.0,neutral
arguwz,@arguwz,180.0,0.002061855670103,2.12781802900216e-06,disgust
natadexox,@natadexox,180.0,0.0010309278350515,0.0,neutral
jempqut,@jempqut,180.0,0.0010309278350515,0.0,neutral
sneuperdokkum,@sneuperdokkum,181.0,0.002061855670103,2.12781802900216e-06,disgust
BartNijman,@BartNijman,181.0,0.0010309278350515,0.0,neutral
Johvsinderen,@Johvsinderen,181.0,0.0010309278350515,0.0,neutral
AtencionYoSoy,@AtencionYoSoy,182.0,0.0010309278350515,0.0,disgust
josueda34524490,@josueda34524490,182.0,0.0010309278350515,0.0,neutral
mariolrh,@mariolrh,183.0,0.0010309278350515,0.0,disgust
PalomaValenciaL,@PalomaValenciaL,183.0,0.002061855670103,6.383454087006479e-06,neutral
eisbedog,@eisbedog,184.0,0.0041237113402061,1.59586352175162e-05,disgust
meridian_agent,@meridian_agent,184.0,0.002061855670103,3.191727043503239e-06,neutral
0xyunss,@0xyunss,184.0,0.002061855670103,3.191727043503239e-06,neutral
EvilPanda,@EvilPanda,184.0,0.0010309278350515,0.0,neutral
MeteoraIDN,@MeteoraIDN,184.0,0.0010309278350515,0.0,neutral
mulhersonhador,@mulhersonhador,185.0,0.0010309278350515,0.0,disgust
PacorPo89343,@PacorPo89343,185.0,0.0010309278350515,0.0,neutral
yvette_yvette19,@yvette_yvette19,186.0,0.002061855670103,2.12781802900216e-06,disgust
renepaas,@renepaas,186.0,0.0010309278350515,0.0,neutral
Gemeente_Pekela,@Gemeente_Pekela,186.0,0.0010309278350515,0.0,neutral
kodohutu,@kodohutu,187.0,0.0030927835051546,6.383454087006479e-06,love
mbgnetworkfnf,@mbgnetworkfnf,187.0,0.0010309278350515,0.0,neutral
GuarEmperor,@GuarEmperor,187.0,0.0010309278350515,0.0,neutral
setyamickala,@setyamickala,187.0,0.0010309278350515,0.0,neutral
opiyannn,@opiyannn,188.0,0.0010309278350515,0.0,disgust
fajrek1,@fajrek1,188.0,0.0010309278350515,0.0,neutral
rolicein,@rolicein,189.0,0.0010309278350515,0.0,disgust
shctngstar,@shctngstar,189.0,0.0010309278350515,0.0,neutral
VivianRojas_13,@VivianRojas_13,190.0,0.0010309278350515,0.0,disgust
monfleuur,@monfleuur,190.0,0.0010309278350515,0.0,neutral
SorSarna_n1,@SorSarna_n1,191.0,0.0010309278350515,0.0,disgust
daniesdsk,@daniesdsk,191.0,0.0010309278350515,0.0,neutral
AlterTimeSK,@AlterTimeSK,192.0,0.002061855670103,0.0,disgust
boschettoman,@boschettoman,193.0,0.0010309278350515,0.0,disgust
samson_samsen,@samson_samsen,193.0,0.0010309278350515,0.0,neutral
ebo_hoekstra,@ebo_hoekstra,194.0,0.0010309278350515,0.0,disgust
FritstenHove,@FritstenHove,194.0,0.0010309278350515,0.0,neutral
xena940769,@xena940769,195.0,0.0010309278350515,0.0,disgust
Zayniezmoon,@Zayniezmoon,195.0,0.0010309278350515,0.0,neutral
ojitosdebolillo,@ojitosdebolillo,196.0,0.0010309278350515,0.0,disgust
AlexBaks82,@AlexBaks82,196.0,0.0010309278350515,0.0,disgust
marcomout,@marcomout,197.0,0.0030927835051546,6.383454087006479e-06,disgust
rtvnoord,@rtvnoord,197.0,0.0010309278350515,0.0,neutral
dvhn_nl,@dvhn_nl,197.0,0.0010309278350515,0.0,neutral
groningen,@groningen,197.0,0.0010309278350515,0.0,neutral
ovacionweb,@ovacionweb,198.0,0.002061855670103,0.0,disgust
ByViral24,@ByViral24,199.0,0.0010309278350515,0.0,disgust
ABDELAESPRIELLA,@ABDELAESPRIELLA,199.0,0.0010309278350515,0.0,disgust
bender_great_83,@bender_great_83,200.0,0.002061855670103,2.12781802900216e-06,disgust
YilmazTim,@YilmazTim,200.0,0.0010309278350515,0.0,neutral
Ohmann77,@Ohmann77,200.0,0.0010309278350515,0.0,neutral
andreamatalinar,@andreamatalinar,201.0,0.0030927835051546,6.383454087006479e-06,disgust
IraciHassler,@IraciHassler,201.0,0.0010309278350515,0.0,neutral
Contraloriacl,@Contraloriacl,201.0,0.0010309278350515,0.0,neutral
GobiernodeChile,@GobiernodeChile,201.0,0.0010309278350515,0.0,neutral
Pierrot0Fatui,@Pierrot0Fatui,202.0,0.0010309278350515,0.0,disgust
haloaeven,@haloaeven,202.0,0.0010309278350515,0.0,neutral
sentiCrysalis,@sentiCrysalis,203.0,0.002061855670103,2.12781802900216e-06,disgust
LalooHF,@LalooHF,203.0,0.0010309278350515,0.0,neutral
jwidemi,@jwidemi,203.0,0.0010309278350515,0.0,neutral
Ana63490092,@Ana63490092,204.0,0.0010309278350515,0.0,disgust
Academica2021,@Academica2021,204.0,0.0010309278350515,0.0,neutral
JohnSmithMason,@JohnSmithMason,205.0,0.0010309278350515,0.0,love
Chucho324789,@Chucho324789,205.0,0.0010309278350515,0.0,neutral
SaGo_S7,@SaGo_S7,206.0,0.002061855670103,2.12781802900216e-06,disgust
hey_timor,@hey_timor,206.0,0.0010309278350515,0.0,neutral
vocalissima,@vocalissima,206.0,0.0010309278350515,0.0,neutral
AdriRM33,@AdriRM33,207.0,0.0010309278350515,0.0,disgust
latigoserrano,@latigoserrano,207.0,0.0010309278350515,0.0,neutral
beautyfulifee,@beautyfulifee,208.0,0.0010309278350515,0.0,disgust
busanonni,@busanonni,208.0,0.0010309278350515,0.0,disgust
KiraAyunda73114,@KiraAyunda73114,9.0,0.002061855670103,1.276690817401296e-05,disgust
bim_need,@bim_need,9.0,0.0010309278350515,0.0,neutral
susan_amelia46,@susan_amelia46,122.0,0.002061855670103,1.06390901450108e-05,disgust
artelierlee,@artelierlee,209.0,0.0010309278350515,0.0,disgust
diszonnect,@diszonnect,209.0,0.0010309278350515,0.0,neutral
crespo_val20160,@crespo_val20160,210.0,0.0030927835051546,6.383454087006479e-06,disgust
GuillermoRocaf1,@GuillermoRocaf1,210.0,0.0010309278350515,0.0,neutral
Fale1495220,@Fale1495220,210.0,0.0010309278350515,0.0,neutral
policia,@policia,210.0,0.0010309278350515,0.0,neutral
deluxe_melissa,@deluxe_melissa,211.0,0.0061855670103092,1.276690817401296e-05,disgust
MyDirtyRelatio1,@MyDirtyRelatio1,211.0,0.0010309278350515,0.0,neutral
MDHRelaciones,@MDHRelaciones,211.0,0.0010309278350515,0.0,neutral
mydirtyhobbyen,@mydirtyhobbyen,211.0,0.0010309278350515,0.0,neutral
MDHRelationship,@MDHRelationship,211.0,0.0010309278350515,0.0,neutral
Eb68098,@Eb68098,212.0,0.0030927835051546,6.383454087006479e-06,disgust
Jc_Monroym,@Jc_Monroym,212.0,0.0010309278350515,0.0,neutral
NancyAntonio14,@NancyAntonio14,212.0,0.0010309278350515,0.0,neutral
PedroLopzRamos,@PedroLopzRamos,212.0,0.0010309278350515,0.0,neutral
24710withNuna,@24710withNuna,9.0,0.0010309278350515,0.0,disgust
Zettart314,@Zettart314,213.0,0.0010309278350515,0.0,disgust
YisusSen,@YisusSen,213.0,0.0010309278350515,0.0,neutral
SoyLuisMiGL,@SoyLuisMiGL,214.0,0.0010309278350515,0.0,disgust
_alanpicks99,@_alanpicks99,214.0,0.0010309278350515,0.0,neutral
moy_qmac,@moy_qmac,215.0,0.0010309278350515,0.0,disgust
OfficiaLillyPad,@OfficiaLillyPad,215.0,0.0010309278350515,0.0,neutral
Yezan135,@Yezan135,216.0,0.0010309278350515,0.0,disgust
EddyMugward,@EddyMugward,216.0,0.0010309278350515,0.0,neutral
CaBsCrypto,@CaBsCrypto,217.0,0.0010309278350515,0.0,disgust
The_Beacon_GG,@The_Beacon_GG,217.0,0.0010309278350515,0.0,neutral
perez_ivan737,@perez_ivan737,218.0,0.0010309278350515,0.0,love
Frdagv21,@Frdagv21,218.0,0.0010309278350515,0.0,neutral
castingdlmex,@castingdlmex,219.0,0.0010309278350515,0.0,disgust
CGDLMC,@CGDLMC,219.0,0.0010309278350515,0.0,neutral
alvaromorapy,@alvaromorapy,220.0,0.0010309278350515,0.0,disgust
nanduti,@nanduti,220.0,0.0010309278350515,0.0,neutral
Juanctpy,@Juanctpy,221.0,0.0010309278350515,0.0,disgust
IPSParaguay,@IPSParaguay,221.0,0.0010309278350515,0.0,neutral
FamilieB3,@FamilieB3,222.0,0.002061855670103,2.12781802900216e-06,disgust
cdavandaag,@cdavandaag,222.0,0.0010309278350515,0.0,neutral
BartvdBrink,@BartvdBrink,222.0,0.0010309278350515,0.0,neutral
AlientoGratis,@AlientoGratis,183.0,0.0030927835051546,1.06390901450108e-05,disgust
IvanCepedaCast,@IvanCepedaCast,183.0,0.0010309278350515,0.0,neutral
PajaritoDeIvan,@PajaritoDeIvan,183.0,0.0010309278350515,0.0,neutral
BernardoPicks,@BernardoPicks,223.0,0.0010309278350515,0.0,disgust
AguilaPick,@AguilaPick,223.0,0.0010309278350515,0.0,neutral
picks_online2,@picks_online2,224.0,0.0010309278350515,0.0,disgust
1,@1,224.0,0.0010309278350515,0.0,neutral
ULTIMAHORAENX,@ULTIMAHORAENX,225.0,0.002061855670103,0.0,disgust
Capitana_espana,@Capitana_espana,226.0,0.0010309278350515,0.0,disgust
JupolNacional,@JupolNacional,226.0,0.0010309278350515,0.0,neutral
Miguel_layun,@Miguel_layun,227.0,0.0010309278350515,0.0,disgust
layvtime,@layvtime,227.0,0.0010309278350515,0.0,neutral
iannzits,@iannzits,228.0,0.002061855670103,2.12781802900216e-06,disgust
shiinabr,@shiinabr,228.0,0.0010309278350515,0.0,neutral
hypex,@hypex,228.0,0.0010309278350515,0.0,neutral
besoccer_ES,@besoccer_ES,229.0,0.0010309278350515,0.0,disgust
valenciacf,@valenciacf,229.0,0.0010309278350515,0.0,neutral
msbb_id,@msbb_id,230.0,0.0030927835051546,0.0,disgust
altperfumery,@altperfumery,230.0,0.0010309278350515,0.0,neutral
voz_populi,@voz_populi,231.0,0.0030927835051546,6.383454087006479e-06,disgust
crcozar,@crcozar,231.0,0.0010309278350515,0.0,neutral
JJHerz7,@JJHerz7,231.0,0.0010309278350515,0.0,neutral
GradaBpro,@GradaBpro,231.0,0.0010309278350515,0.0,disgust
AnaliticaId,@AnaliticaId,232.0,0.002061855670103,0.0,disgust
awa17___,@awa17___,233.0,0.0010309278350515,0.0,disgust
flyPAL,@flyPAL,233.0,0.0010309278350515,0.0,neutral
Like4star,@Like4star,234.0,0.002061855670103,0.0,disgust
sup_formacion,@sup_formacion,235.0,0.0010309278350515,0.0,disgust
Todopolicia,@Todopolicia,235.0,0.0010309278350515,0.0,neutral
PPBurgosCiudad,@PPBurgosCiudad,236.0,0.0010309278350515,0.0,disgust
VOXBurgosAyto,@VOXBurgosAyto,236.0,0.0010309278350515,0.0,neutral
silviaPiriz17,@silviaPiriz17,237.0,0.002061855670103,2.12781802900216e-06,disgust
secawards,@secawards,237.0,0.0010309278350515,0.0,neutral
mancusochiaraok,@mancusochiaraok,237.0,0.0010309278350515,0.0,neutral
muziekcafe_,@muziekcafe_,238.0,0.0030927835051546,6.383454087006479e-06,disgust
driejs,@driejs,238.0,0.0010309278350515,0.0,neutral
TAPETOY,@TAPETOY,238.0,0.0010309278350515,0.0,neutral
deVorstin,@deVorstin,238.0,0.0010309278350515,0.0,neutral
mrhitchcok,@mrhitchcok,239.0,0.0010309278350515,0.0,disgust
merbi2,@merbi2,239.0,0.0010309278350515,0.0,neutral
Universo970py,@Universo970py,240.0,0.0010309278350515,0.0,disgust
SomosGEN,@SomosGEN,240.0,0.0010309278350515,0.0,neutral
Vigoalminuto,@Vigoalminuto,241.0,0.002061855670103,2.12781802900216e-06,disgust
depo_es,@depo_es,241.0,0.0010309278350515,0.0,neutral
LuisaSanchzVigo,@LuisaSanchzVigo,241.0,0.0010309278350515,0.0,neutral
TwipsX,@TwipsX,242.0,0.0010309278350515,0.0,disgust
aveai_id,@aveai_id,242.0,0.0010309278350515,0.0,neutral
CDeporteTV,@CDeporteTV,243.0,0.002061855670103,0.0,disgust
RaiolaNetworks,@RaiolaNetworks,244.0,0.0010309278350515,0.0,disgust
seoboxclub,@seoboxclub,244.0,0.0010309278350515,0.0,neutral
skyundocean,@skyundocean,245.0,0.0010309278350515,0.0,disgust
txtdarigajelas,@txtdarigajelas,245.0,0.0010309278350515,0.0,neutral
RevistaRubik,@RevistaRubik,246.0,0.0010309278350515,0.0,disgust
Cinesa,@Cinesa,246.0,0.0010309278350515,0.0,neutral
cryptondo,@cryptondo,247.0,0.002061855670103,2.12781802900216e-06,disgust
MEXC,@MEXC,247.0,0.0010309278350515,0.0,neutral
MEXC_ID,@MEXC_ID,247.0,0.0010309278350515,0.0,neutral
ClubChesterton,@ClubChesterton,248.0,0.0010309278350515,0.0,disgust
EGMaiquez,@EGMaiquez,248.0,0.0010309278350515,0.0,neutral
aquatalan,@aquatalan,249.0,0.0010309278350515,0.0,disgust
cobraxrod,@cobraxrod,249.0,0.0010309278350515,0.0,neutral
pcastellary,@pcastellary,250.0,0.0010309278350515,0.0,disgust
PalmaActiva,@PalmaActiva,250.0,0.0010309278350515,0.0,neutral
Oekoenergie_Red,@Oekoenergie_Red,251.0,0.002061855670103,2.12781802900216e-06,disgust
Renexpo,@Renexpo,251.0,0.0010309278350515,0.0,neutral
oekoenergie,@oekoenergie,251.0,0.0010309278350515,0.0,neutral
HumanAI_Tech,@HumanAI_Tech,252.0,0.002061855670103,0.0,disgust
AjuntamentVLC,@AjuntamentVLC,253.0,0.0051546391752577,2.12781802900216e-05,disgust
Microsoft,@Microsoft,253.0,0.0010309278350515,0.0,neutral
vlcinnovation,@vlcinnovation,253.0,0.0010309278350515,0.0,neutral
MicrosoftES,@MicrosoftES,253.0,0.0010309278350515,0.0,neutral
founderz,@founderz,253.0,0.0010309278350515,0.0,neutral
pue_academy,@pue_academy,253.0,0.0010309278350515,0.0,neutral
SofyanpanjiA,@SofyanpanjiA,184.0,0.002061855670103,1.06390901450108e-06,disgust
AytoParla,@AytoParla,254.0,0.002061855670103,2.12781802900216e-06,disgust
CulturaParla,@CulturaParla,254.0,0.0010309278350515,0.0,neutral
GemaGmagt,@GemaGmagt,254.0,0.0010309278350515,0.0,neutral
PremPrem484186,@PremPrem484186,15.0,0.0010309278350515,0.0,disgust
wonwourideul,@wonwourideul,255.0,0.0010309278350515,0.0,disgust
luvingmaiboys,@luvingmaiboys,255.0,0.0010309278350515,0.0,neutral
chrysantheana,@chrysantheana,256.0,0.0010309278350515,0.0,disgust
babu_jabberwock,@babu_jabberwock,256.0,0.0010309278350515,0.0,neutral
jeyiyosamaz,@jeyiyosamaz,257.0,0.0010309278350515,0.0,disgust
sweetdsr_,@sweetdsr_,257.0,0.0010309278350515,0.0,neutral
jazbie15,@jazbie15,258.0,0.002061855670103,2.12781802900216e-06,disgust
Vintagesoulc,@Vintagesoulc,258.0,0.0010309278350515,0.0,neutral
allygarchy,@allygarchy,258.0,0.0010309278350515,0.0,neutral
dbdbidip,@dbdbidip,259.0,0.0134020618556701,0.0001659698062621,disgust
greeniefloo,@greeniefloo,259.0,0.0010309278350515,0.0,neutral
renregalia,@renregalia,259.0,0.0010309278350515,0.0,neutral
dearluchen,@dearluchen,259.0,0.0010309278350515,0.0,neutral
chubbyneoguri,@chubbyneoguri,259.0,0.0010309278350515,0.0,neutral
separuhpuding,@separuhpuding,259.0,0.0010309278350515,0.0,neutral
anhwho_,@anhwho_,259.0,0.0010309278350515,0.0,neutral
PlT_A_PAT,@PlT_A_PAT,259.0,0.0010309278350515,0.0,neutral
ratiotangerang,@ratiotangerang,259.0,0.0010309278350515,0.0,neutral
Ashtrea23,@Ashtrea23,259.0,0.0010309278350515,0.0,neutral
xoxuchanx,@xoxuchanx,259.0,0.0010309278350515,0.0,neutral
Einohaato,@Einohaato,259.0,0.0010309278350515,0.0,neutral
niki_exe0,@niki_exe0,259.0,0.0010309278350515,0.0,neutral
mik0chn,@mik0chn,259.0,0.0010309278350515,0.0,neutral
Marshabeara9x2,@Marshabeara9x2,260.0,0.0051546391752577,2.12781802900216e-05,disgust
hexvanl_,@hexvanl_,260.0,0.0010309278350515,0.0,neutral
si_pengecutbngt,@si_pengecutbngt,260.0,0.0010309278350515,0.0,neutral
Toothlessjaywon,@Toothlessjaywon,260.0,0.0010309278350515,0.0,neutral
yemayo0o,@yemayo0o,260.0,0.0010309278350515,0.0,neutral
woniebeez_,@woniebeez_,260.0,0.0010309278350515,0.0,neutral
diora_anr,@diora_anr,261.0,0.0010309278350515,0.0,disgust
KASTxyz,@KASTxyz,261.0,0.0010309278350515,0.0,neutral
kesetrump,@kesetrump,262.0,0.0010309278350515,0.0,disgust
lemcn,@lemcn,262.0,0.0010309278350515,0.0,disgust
gastronusa,@gastronusa,263.0,0.0010309278350515,0.0,disgust
SusiloWidodo24,@SusiloWidodo24,263.0,0.0010309278350515,0.0,neutral
luvdysh_,@luvdysh_,264.0,0.0092783505154639,7.660144904407775e-05,disgust
helloyosh_,@helloyosh_,264.0,0.0010309278350515,0.0,neutral
ayiurswoo,@ayiurswoo,264.0,0.0010309278350515,0.0,neutral
yoshirocloud,@yoshirocloud,264.0,0.0010309278350515,0.0,neutral
dominocivic,@dominocivic,264.0,0.0010309278350515,0.0,neutral
szzyoxx,@szzyoxx,264.0,0.0010309278350515,0.0,neutral
dongpyourlove,@dongpyourlove,264.0,0.0010309278350515,0.0,neutral
wooriebear,@wooriebear,264.0,0.0010309278350515,0.0,neutral
shinoyaa55_,@shinoyaa55_,264.0,0.0010309278350515,0.0,neutral
_yorinor1,@_yorinor1,264.0,0.0010309278350515,0.0,neutral
ShandyTrida,@ShandyTrida,265.0,0.002061855670103,2.12781802900216e-06,disgust
pintu_id,@pintu_id,265.0,0.0010309278350515,0.0,neutral
maxone_lens,@maxone_lens,265.0,0.0010309278350515,0.0,neutral
cursedkidd,@cursedkidd,266.0,0.0010309278350515,0.0,disgust
KedaiMamun,@KedaiMamun,266.0,0.0010309278350515,0.0,neutral
KariSharl,@KariSharl,267.0,0.0010309278350515,0.0,disgust
_Akarex,@_Akarex,267.0,0.0010309278350515,0.0,neutral
sikayarayaaa,@sikayarayaaa,268.0,0.0010309278350515,0.0,disgust
bingungtrs_,@bingungtrs_,268.0,0.002061855670103,2.12781802900216e-06,disgust
gmusic95,@gmusic95,269.0,0.0010309278350515,0.0,disgust
A_VirgiJKT48,@A_VirgiJKT48,269.0,0.0010309278350515,0.0,neutral
dirtyfingerpunk,@dirtyfingerpunk,270.0,0.0010309278350515,0.0,disgust
txtdrjkt,@txtdrjkt,270.0,0.0010309278350515,0.0,neutral
pangerancode,@pangerancode,61.0,0.0010309278350515,0.0,neutral
The25thSykes,@The25thSykes,61.0,0.0010309278350515,0.0,disgust
anaketigaaa_,@anaketigaaa_,61.0,0.0010309278350515,0.0,neutral
kinnpatuhikaru,@kinnpatuhikaru,61.0,0.0010309278350515,0.0,neutral
AkamuAd,@AkamuAd,61.0,0.0010309278350515,0.0,neutral
bucin_pocky,@bucin_pocky,61.0,0.0010309278350515,0.0,neutral
skanayaneko,@skanayaneko,61.0,0.0010309278350515,0.0,neutral
NdoroTedjo,@NdoroTedjo,61.0,0.0010309278350515,0.0,neutral
piruinuy,@piruinuy,61.0,0.0010309278350515,0.0,neutral
AiphNday,@AiphNday,61.0,0.0010309278350515,0.0,neutral
americanoaddctd,@americanoaddctd,61.0,0.0010309278350515,0.0,disgust
BangBib4,@BangBib4,61.0,0.0010309278350515,0.0,neutral
momodisinii,@momodisinii,61.0,0.0010309278350515,0.0,neutral
reedifuser,@reedifuser,61.0,0.0010309278350515,0.0,neutral
elegibumi,@elegibumi,61.0,0.0010309278350515,0.0,neutral
Bulanwangi05,@Bulanwangi05,61.0,0.0010309278350515,0.0,neutral
tamika47488,@tamika47488,61.0,0.0010309278350515,0.0,neutral
IkhwanRidhoni,@IkhwanRidhoni,61.0,0.0010309278350515,0.0,neutral
luckysurprising,@luckysurprising,61.0,0.0010309278350515,0.0,neutral
markizusss,@markizusss,61.0,0.0010309278350515,0.0,neutral
anjirbodor,@anjirbodor,61.0,0.0010309278350515,0.0,neutral
JuanJulianto2,@JuanJulianto2,61.0,0.0010309278350515,0.0,disgust
R_naraeth7,@R_naraeth7,61.0,0.0010309278350515,0.0,neutral
steIIamora,@steIIamora,61.0,0.0010309278350515,0.0,neutral
Dmadiw,@Dmadiw,61.0,0.0010309278350515,0.0,neutral
Fannyaclara,@Fannyaclara,61.0,0.0010309278350515,0.0,neutral
saptaipb,@saptaipb,61.0,0.0010309278350515,0.0,neutral
Chelsdays_,@Chelsdays_,61.0,0.0010309278350515,0.0,neutral
CityzensIDN,@CityzensIDN,61.0,0.0010309278350515,0.0,neutral
_Hrst,@_Hrst,61.0,0.0010309278350515,0.0,disgust
FajriGrahaArtha,@FajriGrahaArtha,61.0,0.0010309278350515,0.0,neutral
Appraiser008,@Appraiser008,61.0,0.0010309278350515,0.0,neutral
FahreziBenzima5,@FahreziBenzima5,271.0,0.0010309278350515,0.0,disgust
AM_EllaJKT48,@AM_EllaJKT48,271.0,0.0010309278350515,0.0,neutral
ohwatermark,@ohwatermark,272.0,0.0010309278350515,0.0,disgust
Ceysaaaaaaa,@Ceysaaaaaaa,272.0,0.0010309278350515,0.0,neutral
hilmy_ii,@hilmy_ii,273.0,0.0010309278350515,0.0,disgust
L_MarshaJKT48,@L_MarshaJKT48,273.0,0.0010309278350515,0.0,neutral
chocomatchazx,@chocomatchazx,274.0,0.0010309278350515,0.0,love
_glimpseeofus,@_glimpseeofus,274.0,0.0010309278350515,0.0,neutral
Hokben03,@Hokben03,275.0,0.002061855670103,2.12781802900216e-06,disgust
TumanMarchel17,@TumanMarchel17,275.0,0.0010309278350515,0.0,neutral
MusuhMisuh2,@MusuhMisuh2,275.0,0.0010309278350515,0.0,neutral
rebahaninaja,@rebahaninaja,276.0,0.0010309278350515,0.0,disgust
yappingfess,@yappingfess,276.0,0.002061855670103,2.12781802900216e-06,disgust
athallaseeu,@athallaseeu,277.0,0.0010309278350515,0.0,disgust
M_MikaelaJKT48,@M_MikaelaJKT48,277.0,0.0010309278350515,0.0,neutral
KimJeffrii,@KimJeffrii,278.0,0.0010309278350515,0.0,disgust
A_FionyJKT48,@A_FionyJKT48,278.0,0.0010309278350515,0.0,neutral
galvynox_,@galvynox_,112.0,0.0010309278350515,0.0,disgust
Deviiiyyyyy,@Deviiiyyyyy,279.0,0.0010309278350515,0.0,disgust
Ekin_JKT48,@Ekin_JKT48,279.0,0.0010309278350515,0.0,neutral
tengklengklewer,@tengklengklewer,131.0,0.0010309278350515,0.0,disgust
sorejhvi,@sorejhvi,280.0,0.0010309278350515,0.0,disgust
guesswho1333,@guesswho1333,280.0,0.0010309278350515,0.0,neutral
esomeprazole__,@esomeprazole__,281.0,0.0010309278350515,0.0,disgust
foulshades,@foulshades,281.0,0.0010309278350515,0.0,neutral
abakadabrahh,@abakadabrahh,268.0,0.0010309278350515,0.0,disgust
milkteand1nnn_,@milkteand1nnn_,282.0,0.0010309278350515,0.0,disgust
Gardenie13,@Gardenie13,282.0,0.0010309278350515,0.0,neutral
stymulous__,@stymulous__,283.0,0.0010309278350515,0.0,disgust
junseokbnuy,@junseokbnuy,283.0,0.0010309278350515,0.0,neutral
pecintaanabul,@pecintaanabul,284.0,0.002061855670103,4.25563605800432e-06,disgust
thejenniegala,@thejenniegala,284.0,0.0010309278350515,0.0,neutral
Isalajg3348591,@Isalajg3348591,285.0,0.0010309278350515,0.0,disgust
ardynshufi,@ardynshufi,285.0,0.0010309278350515,0.0,disgust
Kerikilbangsa,@Kerikilbangsa,286.0,0.0010309278350515,0.0,disgust
afinasyif,@afinasyif,286.0,0.0010309278350515,0.0,disgust
kenzowijay46299,@kenzowijay46299,44.0,0.0041237113402061,2.553381634802592e-05,disgust
ninjahattoriii_,@ninjahattoriii_,44.0,0.0010309278350515,0.0,neutral
C_IndahJKT48,@C_IndahJKT48,44.0,0.0010309278350515,0.0,neutral
M_OlineJKT48,@M_OlineJKT48,44.0,0.0010309278350515,0.0,neutral
eldiablobenak,@eldiablobenak,287.0,0.0010309278350515,0.0,disgust
tentangbola123,@tentangbola123,287.0,0.0010309278350515,0.0,neutral
ppapa2972,@ppapa2972,288.0,0.0010309278350515,0.0,disgust
scorttyz,@scorttyz,288.0,0.0010309278350515,0.0,neutral
pinnatly,@pinnatly,289.0,0.0010309278350515,0.0,disgust
txtdaritng,@txtdaritng,289.0,0.0010309278350515,0.0,neutral
Aemer_,@Aemer_,290.0,0.0030927835051546,6.383454087006479e-06,disgust
ed8trb,@ed8trb,290.0,0.0010309278350515,0.0,neutral
UdaShafiq,@UdaShafiq,290.0,0.0010309278350515,0.0,neutral
bearsejuk,@bearsejuk,290.0,0.0010309278350515,0.0,neutral
widyaprasapta,@widyaprasapta,291.0,0.0010309278350515,0.0,disgust
BERSANDlWARA,@BERSANDlWARA,291.0,0.0010309278350515,0.0,neutral
iyaudah_iyadeh,@iyaudah_iyadeh,48.0,0.002061855670103,6.383454087006479e-06,disgust
MunchMunc_21,@MunchMunc_21,48.0,0.0010309278350515,0.0,neutral
terustouring,@terustouring,161.0,0.0010309278350515,0.0,disgust
vernandaaokt,@vernandaaokt,276.0,0.0010309278350515,0.0,disgust
aibikh,@aibikh,27.0,0.002061855670103,8.511272116008639e-06,disgust
Holan_Siregar,@Holan_Siregar,27.0,0.0010309278350515,0.0,neutral
kumparan,@kumparan,292.0,0.0010309278350515,0.0,disgust
smansaptk,@smansaptk,292.0,0.0010309278350515,0.0,neutral
msiera_274,@msiera_274,293.0,0.0010309278350515,0.0,disgust
icharis,@icharis,293.0,0.0010309278350515,0.0,neutral
galileomaknyuzz,@galileomaknyuzz,294.0,0.0010309278350515,0.0,disgust
vieraspace,@vieraspace,294.0,0.0010309278350515,0.0,neutral
HermanSporty7,@HermanSporty7,295.0,0.002061855670103,2.12781802900216e-06,disgust
JoeBiden,@JoeBiden,295.0,0.0010309278350515,0.0,neutral
Trump,@Trump,295.0,0.0010309278350515,0.0,neutral
budihar81350991,@budihar81350991,59.0,0.0010309278350515,0.0,disgust
panoramaindomie,@panoramaindomie,296.0,0.002061855670103,2.12781802900216e-06,disgust
rian_onava,@rian_onava,296.0,0.0010309278350515,0.0,neutral
intersectlife_,@intersectlife_,296.0,0.0010309278350515,0.0,neutral
worksfess,@worksfess,122.0,0.0010309278350515,0.0,neutral
gmail_great,@gmail_great,297.0,0.0010309278350515,0.0,disgust
kevinsebast_,@kevinsebast_,297.0,0.0010309278350515,0.0,disgust
100hyun_byun,@100hyun_byun,298.0,0.0010309278350515,0.0,disgust
fleursbee,@fleursbee,298.0,0.002061855670103,2.12781802900216e-06,neutral
itsurboihyl,@itsurboihyl,299.0,0.0010309278350515,0.0,disgust
ikhwanuddin,@ikhwanuddin,299.0,0.0010309278350515,0.0,neutral
mentally_eels_,@mentally_eels_,300.0,0.002061855670103,2.12781802900216e-06,disgust
caloniburt,@caloniburt,300.0,0.0010309278350515,0.0,neutral
empty__core,@empty__core,300.0,0.0010309278350515,0.0,neutral
crystvals,@crystvals,301.0,0.0010309278350515,0.0,disgust
zakkafm,@zakkafm,301.0,0.0010309278350515,0.0,neutral
hendriany1234,@hendriany1234,302.0,0.0010309278350515,0.0,disgust
KoonDeexoxo,@KoonDeexoxo,302.0,0.0010309278350515,0.0,neutral
imran_ansyari77,@imran_ansyari77,130.0,0.0010309278350515,0.0,disgust
nyinteee,@nyinteee,143.0,0.002061855670103,0.0,disgust
initial_LS,@initial_LS,143.0,0.002061855670103,0.0,love
xtzmou,@xtzmou,284.0,0.002061855670103,4.25563605800432e-06,disgust
gmnajgy,@gmnajgy,284.0,0.0010309278350515,0.0,neutral
Aerlangga333,@Aerlangga333,303.0,0.0010309278350515,0.0,disgust
olinpsych,@olinpsych,303.0,0.0010309278350515,0.0,neutral
Syrl_Zrlly23,@Syrl_Zrlly23,304.0,0.0010309278350515,0.0,disgust
thisiskieshaa,@thisiskieshaa,304.0,0.0010309278350515,0.0,neutral
rubiee_xx,@rubiee_xx,298.0,0.0010309278350515,0.0,disgust
corcuriosus,@corcuriosus,305.0,0.002061855670103,2.12781802900216e-06,disgust
Charlotte841097,@Charlotte841097,305.0,0.0010309278350515,0.0,neutral
nebulasoull,@nebulasoull,305.0,0.0010309278350515,0.0,neutral
xihuanese,@xihuanese,306.0,0.0010309278350515,0.0,disgust
ilyksjthv,@ilyksjthv,306.0,0.0010309278350515,0.0,neutral
sgnture,@sgnture,307.0,0.0010309278350515,0.0,disgust
incheonte,@incheonte,307.0,0.0010309278350515,0.0,neutral
eddesign_,@eddesign_,11.0,0.0010309278350515,0.0,disgust
chaeyeson,@chaeyeson,23.0,0.0010309278350515,0.0,disgust
Panurotto,@Panurotto,58.0,0.0010309278350515,0.0,disgust
menuembegejelek,@menuembegejelek,308.0,0.0010309278350515,0.0,disgust
pln_123,@pln_123,308.0,0.0010309278350515,0.0,neutral
XOPwibu,@XOPwibu,309.0,0.0010309278350515,0.0,disgust
inaho_vt,@inaho_vt,309.0,0.0010309278350515,0.0,neutral
ngopizx,@ngopizx,310.0,0.0010309278350515,0.0,disgust
kuronamic,@kuronamic,310.0,0.0010309278350515,0.0,neutral
hanichaan28,@hanichaan28,311.0,0.002061855670103,4.25563605800432e-06,disgust
emmarrch,@emmarrch,311.0,0.0010309278350515,0.0,neutral
naturemood_,@naturemood_,311.0,0.002061855670103,4.25563605800432e-06,neutral
aniesbaswedan,@aniesbaswedan,15.0,0.0010309278350515,0.0,neutral
nurul_feb42,@nurul_feb42,311.0,0.0010309278350515,0.0,disgust
ReynaCatherine7,@ReynaCatherine7,64.0,0.0010309278350515,0.0,disgust
HooyaSs,@HooyaSs,52.0,0.0010309278350515,0.0,neutral
sydneyzw,@sydneyzw,312.0,0.0010309278350515,0.0,disgust
MuhammadTuhasan,@MuhammadTuhasan,312.0,0.0010309278350515,0.0,neutral
TheFesnuk,@TheFesnuk,76.0,0.0010309278350515,0.0,disgust
mBg_JK,@mBg_JK,313.0,0.0082474226804123,5.957890481206047e-05,disgust
TezmenEmre,@TezmenEmre,313.0,0.0010309278350515,0.0,neutral
basknlikdivani,@basknlikdivani,313.0,0.0010309278350515,0.0,neutral
thealpsss0,@thealpsss0,313.0,0.0010309278350515,0.0,neutral
esreffsahin,@esreffsahin,313.0,0.0010309278350515,0.0,neutral
2727mmg2727,@2727mmg2727,313.0,0.0010309278350515,0.0,neutral
htcbicer,@htcbicer,313.0,0.0010309278350515,0.0,neutral
Besiktas,@Besiktas,313.0,0.0010309278350515,0.0,neutral
teraholding,@teraholding,313.0,0.0010309278350515,0.0,neutral
eixyr,@eixyr,314.0,0.0010309278350515,0.0,disgust
dluxlah,@dluxlah,314.0,0.0010309278350515,0.0,neutral
_Haris_Srg,@_Haris_Srg,15.0,0.0010309278350515,0.0,disgust
mandosxyz,@mandosxyz,315.0,0.0010309278350515,0.0,disgust
FreyaAddict1,@FreyaAddict1,315.0,0.0010309278350515,0.0,neutral
masaya_npm,@masaya_npm,316.0,0.002061855670103,2.12781802900216e-06,disgust
isxmu__,@isxmu__,316.0,0.0010309278350515,0.0,neutral
shiotsuki_32,@shiotsuki_32,316.0,0.0010309278350515,0.0,neutral
SetiakuDandi,@SetiakuDandi,58.0,0.0010309278350515,0.0,disgust
Milantoon,@Milantoon,58.0,0.0010309278350515,0.0,disgust
RhodesHills,@RhodesHills,317.0,0.0010309278350515,0.0,disgust
solaceinrua,@solaceinrua,317.0,0.0010309278350515,0.0,neutral
PUTRY_NUSANTARA,@PUTRY_NUSANTARA,318.0,0.0010309278350515,0.0,disgust
kylemur_,@kylemur_,318.0,0.0010309278350515,0.0,neutral
elfasza,@elfasza,319.0,0.002061855670103,2.12781802900216e-06,disgust
gentarsedikit,@gentarsedikit,319.0,0.0010309278350515,0.0,neutral
mazzini_gsp,@mazzini_gsp,319.0,0.0010309278350515,0.0,neutral
yafiirah,@yafiirah,320.0,0.0010309278350515,0.0,disgust
zalkad,@zalkad,320.0,0.0010309278350515,0.0,neutral
txtkaumurban,@txtkaumurban,321.0,0.0010309278350515,0.0,disgust
bersuwara_,@bersuwara_,321.0,0.0010309278350515,0.0,neutral
K7_m0en,@K7_m0en,322.0,0.0010309278350515,0.0,disgust
HumorJonTampan,@HumorJonTampan,322.0,0.0010309278350515,0.0,neutral
onpredictabel,@onpredictabel,83.0,0.0010309278350515,0.0,neutral
richbricad,@richbricad,83.0,0.0010309278350515,0.0,neutral
ijuvw,@ijuvw,323.0,0.0010309278350515,0.0,disgust
sugondese6666,@sugondese6666,323.0,0.0010309278350515,0.0,disgust
ohoxnya2,@ohoxnya2,324.0,0.0010309278350515,0.0,disgust
RagilSemar,@RagilSemar,324.0,0.0010309278350515,0.0,disgust
suamrembulan13,@suamrembulan13,325.0,0.0010309278350515,0.0,disgust
RaenLy11643,@RaenLy11643,325.0,0.0010309278350515,0.0,neutral
Geusan1,@Geusan1,326.0,0.0010309278350515,0.0,disgust
Jakartalk,@Jakartalk,326.0,0.0010309278350515,0.0,neutral
acaakaduut,@acaakaduut,327.0,0.0010309278350515,0.0,disgust
keonhoklepon,@keonhoklepon,327.0,0.0010309278350515,0.0,neutral
tissue_______,@tissue_______,328.0,0.0010309278350515,0.0,disgust
ardisatriawan,@ardisatriawan,328.0,0.0010309278350515,0.0,disgust
Catatan_ali7,@Catatan_ali7,329.0,0.0010309278350515,0.0,disgust
idextratime,@idextratime,329.0,0.0010309278350515,0.0,disgust
Bellannieth,@Bellannieth,56.0,0.0010309278350515,0.0,disgust
masjawa76,@masjawa76,330.0,0.0010309278350515,0.0,disgust
Brajamusti_YK,@Brajamusti_YK,330.0,0.0010309278350515,0.0,neutral
bapassamarinda,@bapassamarinda,331.0,0.0010309278350515,0.0,disgust
pinterpolitik,@pinterpolitik,331.0,0.0010309278350515,0.0,neutral
SECSundayShow,@SECSundayShow,332.0,0.0030927835051546,6.383454087006479e-06,disgust
BoardGeniuses,@BoardGeniuses,332.0,0.0010309278350515,0.0,neutral
FromSluggo,@FromSluggo,332.0,0.0010309278350515,0.0,neutral
SEC,@SEC,332.0,0.0010309278350515,0.0,neutral
165Hati,@165Hati,333.0,0.0010309278350515,0.0,disgust
PDI_Perjuangan,@PDI_Perjuangan,333.0,0.0010309278350515,0.0,neutral
ryookaasan,@ryookaasan,334.0,0.0061855670103092,3.19172704350324e-05,disgust
seseunseok,@seseunseok,334.0,0.0010309278350515,0.0,neutral
sekilokentang,@sekilokentang,334.0,0.0010309278350515,0.0,neutral
widyans_9,@widyans_9,334.0,0.0010309278350515,0.0,neutral
kurimnida,@kurimnida,334.0,0.0010309278350515,0.0,neutral
rhmdanicxxy_,@rhmdanicxxy_,334.0,0.0010309278350515,0.0,neutral
misswichu,@misswichu,334.0,0.0010309278350515,0.0,neutral
_jnwonwoo,@_jnwonwoo,47.0,0.002061855670103,4.25563605800432e-06,disgust
0604ZP,@0604ZP,47.0,0.0010309278350515,0.0,neutral
carvingcitta_76,@carvingcitta_76,335.0,0.0010309278350515,0.0,disgust
pssleman,@pssleman,335.0,0.0010309278350515,0.0,neutral
ks0mbg9C4Btqww5,@ks0mbg9C4Btqww5,336.0,0.0010309278350515,0.0,love
mami_na0617,@mami_na0617,336.0,0.0010309278350515,0.0,neutral
cheseeerz,@cheseeerz,337.0,0.0010309278350515,0.0,disgust
GllsBot,@GllsBot,337.0,0.0010309278350515,0.0,neutral
jorjimut,@jorjimut,338.0,0.0010309278350515,0.0,disgust
3363sites,@3363sites,338.0,0.0010309278350515,0.0,neutral
txtdariyelllow,@txtdariyelllow,98.0,0.0010309278350515,0.0,disgust
WisdomByDhika,@WisdomByDhika,15.0,0.0010309278350515,0.0,disgust
Dbay0402,@Dbay0402,339.0,0.0010309278350515,0.0,disgust
exmutradezone,@exmutradezone,339.0,0.0010309278350515,0.0,neutral
zhouxihyu,@zhouxihyu,340.0,0.0010309278350515,0.0,disgust
chaehyuna,@chaehyuna,340.0,0.0010309278350515,0.0,neutral
M4s_B4y,@M4s_B4y,341.0,0.0010309278350515,0.0,disgust
TaliUdeng,@TaliUdeng,341.0,0.0010309278350515,0.0,disgust
noctalura00,@noctalura00,5.0,0.0010309278350515,0.0,disgust
Nopawel1,@Nopawel1,5.0,0.0010309278350515,0.0,neutral
