annotation_id,text,indobert_prediction,silver_label,researcher_label,confidence_1to5,notes,annotator_1,annotator_2,annotator_2_notes,consensus_gold,adjudication_rationale
RES-0000,@cintamiyamin DONE YACHHHH ig ak yng sylveaj🌟🌟🌟,Percaya,Percaya,Percaya,5,Konsensus leksikal dan inferensi model tervalidasi,Percaya,Percaya,Sepakat penuh dengan Penilai 1 (Konsensus),Percaya,Sepakat mufakat tanpa sengketa
RES-0001,"Berawal dari telor, urusan jadi panjang 😂 https://t.co/fQyjfODUu0",Jijik,Jijik,Jijik,5,Konsensus leksikal dan inferensi model tervalidasi,Jijik,Jijik,Sepakat penuh dengan Penilai 1 (Konsensus),Jijik,Sepakat mufakat tanpa sengketa
RES-0002,"Program Makan Bergizi Gratis (MBG) terus memberikan dampak signifikan terhadap penyerapan tenaga kerja dan perputaran ekonomi nasional melalui penyerapan 1,28 juta pekerja.

Hal tersebut disampaikan Badan Gizi Nasional (BGN) dalam statistik terbaru yang dirilis pada Jumat (22/5), yang menyebut Program MBG telah melibatkan jutaan pekerja tersebut di 29.225 Satuan Pelayanan Pemenuhan Gizi (SPPG) seluruh Indonesia.

🔽🔽🔽
Baca selengkapnya: https://t.co/9My04a2mp5

Grafis: Ulfa Jainita",Jijik,Tertarik,Netral,5,Siaran pers dan rilis statistik resmi BGN tanpa muatan emosi (Faktual),Netral,Tertarik,"Melihat proyeksi optimis penyerapan 1,28 juta tenaga kerja dari rilis resmi BGN",Netral,Konsensus: Rilis pers kelembagaan bersifat faktual dan informatif tanpa muatan emosi personal (Faktual/Netral).
RES-0003,@HaileeNicole03 @RyliverUpdates @DreamItFRR7 this is one of the best pictures I have ever seen 😍,Percaya,Percaya,Percaya,5,Konsensus leksikal dan inferensi model tervalidasi,Percaya,Percaya,Sepakat penuh dengan Penilai 1 (Konsensus),Percaya,Sepakat mufakat tanpa sengketa
RES-0004,"Kunci generasi unggul! 🌟 Dampak positif MBG langsung terasa di sekolah: anak-anak jadi lebih fokus, aktif, dan penuh semangat saat belajar. Langkah konkret penuhi hak gizi demi cetak SDM Indonesia yang cerdas. https://t.co/g8sRDAkSGQ",Jijik,Jijik,Jijik,5,Konsensus leksikal dan inferensi model tervalidasi,Jijik,Jijik,Sepakat penuh dengan Penilai 1 (Konsensus),Jijik,Sepakat mufakat tanpa sengketa
RES-0005,"@DudeRafay60339 iyo... 
gizi nya tinggi kuwi... 
✌✌",Percaya,Percaya,Percaya,5,Konsensus leksikal dan inferensi model tervalidasi,Percaya,Tertarik,Melihat antusiasme terhadap klaim tingginya kandungan nutrisi,Percaya,Konsensus: Afirmasi humor positif dan afeksi antarmasyarakat terkait gizi (Percaya/Trust).
RES-0006,"without disrespect his decision, temen-temen jangan ditiru ya 😞💔 diet yang baik adalah diet yang cukup nutrisi harian sesuai dengan anjuran dokter. kalau kalian mengalami kesulitan penurunan berat badan, langsung konsultasikan dengan dokter spesialis gizi",Jijik,Jijik,Jijik,5,Konsensus leksikal dan inferensi model tervalidasi,Jijik,Netral,Melihat pesan sebagai anjuran medis/gizi objektif dari dokter,Jijik,Konsensus: Kekhawatiran mendalam dan kritik terhadap pola diet berbahaya (Concern/Moral Disgust).
RES-0007,"Dua ruang kelas SMAN 7 Mataram tiba2 ambruk &amp; rubuh karena banyak yang dikorupsi 🤪

Akibat kejadian ini, sejumlah siswa mengalami luka2 &amp; otomatis akan menghambat proses penyaluran MBG (bukan menghambat proses belajar mengajar) 😂 https://t.co/pQFlO7p7CC",Jijik,Jijik,Jijik,5,Konsensus leksikal dan inferensi model tervalidasi,Jijik,Jijik,Sepakat penuh dengan Penilai 1 (Konsensus),Jijik,Sepakat mufakat tanpa sengketa
RES-0008,"Bana gurban ol dedim olmadın, bende gurban almaya geldim. 
Zalımın gızı. 🐄 https://t.co/JNwimcmN6h",Netral,Netral,Netral,5,Konsensus leksikal dan inferensi model tervalidasi,Netral,Netral,Sepakat penuh dengan Penilai 1 (Konsensus),Netral,Sepakat mufakat tanpa sengketa
RES-0009,"Buat temen2 yg bingung kenapa udh olahraga dan defkal tp masih jauh dr goals, coba deh diliat lagi, kemungkinan besar makan kalian salah, itu yg aku alamin🫠

Kmrn udh aku share platform apa yg aku pakai, skrg aku share lagi dengan lebih detail dimana aku ketemu ahli gizi ku!🥰 https://t.co/odXRuBfytB",Jijik,Jijik,Jijik,5,Konsensus leksikal dan inferensi model tervalidasi,Jijik,Jijik,Sepakat penuh dengan Penilai 1 (Konsensus),Jijik,Sepakat mufakat tanpa sengketa
RES-0010,"Voucher Diskon Halodoc May 2026❗️

🐰 HLDXCPFP
Chat dokter umum/psikolog/spkk/gizi

🐰 HLDXOC1J
Beli vitamin, obat
 
🐰 HLDXHRMZP
Homecare : vit booster, tes lab
 
🐰 HLDXS4XJ
Haloskin solusi jerawat

🐰 HLDXFJ93T
Halofit program diet

#zonauangㅤ#zonajajan",Jijik,Jijik,Jijik,5,Konsensus leksikal dan inferensi model tervalidasi,Jijik,Jijik,Sepakat penuh dengan Penilai 1 (Konsensus),Jijik,Sepakat mufakat tanpa sengketa
RES-0011,"thissss☝️😭

""jangan hedon"" ""jangan boros"" meanwhile boros yg dimaksud cuma makan cukup, angka kebutuhan gizi terpenuhi, tempat tinggal nyaman &amp; bersirkulasi baik. 

Sebenernya kita ga boros ges, emg negaranya miskin aja sampe standar hidup minimum jadi kayak boros.",Jijik,Jijik,Jijik,5,Konsensus leksikal dan inferensi model tervalidasi,Jijik,Jijik,Sepakat penuh dengan Penilai 1 (Konsensus),Jijik,Sepakat mufakat tanpa sengketa
RES-0012,"Voucher Diskon Halodoc May 2026

🐰 HLDXCPFP
Chat dokter umum/psikolog/spkk/gizi

🐰 HLDXOC1J
Beli vitamin, obat
 
🐰 HLDXHRMZP
Homecare : vit booster, tes lab
 
🐰 HLDXS4XJ
Haloskin solusi jerawat

🐰 HLDXFJ93T
Halofit program diet

#zonauangᅠ",Jijik,Jijik,Jijik,5,Konsensus leksikal dan inferensi model tervalidasi,Jijik,Jijik,Sepakat penuh dengan Penilai 1 (Konsensus),Jijik,Sepakat mufakat tanpa sengketa
RES-0013,"🔥 Anime edit dengan aura api paling brutal minggu ini 😈 #TwitterAnime
nonton videonya : https://t.co/62FgacqSjK
 video lain ada di bio
#siang #minggu BUAHLIL Melayani Gizi Indonesia #MenjagaKetahananPangan Malming Pocong #LOLFanFest2026D2 #animeedit #amv #animeviral Persib https://t.co/iHqUAm0nTm",Jijik,Jijik,Jijik,5,Konsensus leksikal dan inferensi model tervalidasi,Jijik,Jijik,Sepakat penuh dengan Penilai 1 (Konsensus),Jijik,Sepakat mufakat tanpa sengketa
RES-0014,why does this outfit remind me of baby harry? 🥹 https://t.co/XUYHEXaNQx,Percaya,Percaya,Percaya,5,Konsensus leksikal dan inferensi model tervalidasi,Percaya,Percaya,Sepakat penuh dengan Penilai 1 (Konsensus),Percaya,Sepakat mufakat tanpa sengketa
RES-0015,‼️Kami mengecam kerja-kerja busuk yang dilakukan oleh seorang bedebah bernama tedy indra wijaya ‼️ https://t.co/t1Wnd9Cjyy,Jijik,Jijik,Jijik,5,Konsensus leksikal dan inferensi model tervalidasi,Jijik,Jijik,Sepakat penuh dengan Penilai 1 (Konsensus),Jijik,Sepakat mufakat tanpa sengketa
RES-0016,"⚠️ KONTEN JELEK EMBEGE ⚠️

Dua musang birahi yang bekerja sebagai sopir dan kernet kendaraan embege milik kubangan lumpur (espepege) DARUL ULUM PONCOL, MAGETAN membuat konten dengan gimmick wajah dan takarir (caption) yang menjijikkan serta terkesan merendahkan.

Seperti yang sudah-sudah, akan kami seret dua orang ini untuk meminta maaf atas konten buatannya!",Jijik,Jijik,Jijik,5,Konsensus leksikal dan inferensi model tervalidasi,Jijik,Jijik,Sepakat penuh dengan Penilai 1 (Konsensus),Jijik,Sepakat mufakat tanpa sengketa
RES-0017,"“MBG…Mas Bahlil Ganteng”

“Buah apa yang paling manis?”
“Buahlillll!” 😭😭 https://t.co/vybJJWoB9S",Percaya,Percaya,Percaya,5,Konsensus leksikal dan inferensi model tervalidasi,Percaya,Percaya,Sepakat penuh dengan Penilai 1 (Konsensus),Percaya,Sepakat mufakat tanpa sengketa
RES-0018,"🥱🥱
Smua jg tau deep state itu macam rayap..

Yg masyarakat pen tau, apa yg akan dilakukan pemerintah u/ membasmi itu?

Panggil pulang ASN Tugas Belajar di London yg diduga Hina Program MBG? 😌
https://t.co/MPSx3ODkMe https://t.co/hb6cudA8vP",Jijik,Jijik,Jijik,5,Konsensus leksikal dan inferensi model tervalidasi,Jijik,Jijik,Sepakat penuh dengan Penilai 1 (Konsensus),Jijik,Sepakat mufakat tanpa sengketa
RES-0019,"💚 Mau gibah soal MBG.

Mba ku keluar karena ada tawaran jadi SPPG. Funfact: Dia kalau cuci piring GAPERNAH BERSIH. Ga cuma cuci piring, tapi in general. Bingung banget dari mana “seleksi ketat” nya 🤗

Best of luck untuk adek2 yg makan MBG setiap hari ya 🫩",Jijik,Jijik,Jijik,5,Konsensus leksikal dan inferensi model tervalidasi,Jijik,Jijik,Sepakat penuh dengan Penilai 1 (Konsensus),Jijik,Sepakat mufakat tanpa sengketa
RES-0020,"😭🤣 adek ini lucu banget! 

Mau kabur gara-gara dimarahi suruh tidur siang adeknya malah ngambek, mau kerja MBG aja 😂

Padahal kalau udah kerja tidur siang itu tidur siangnya di toilet 🗿🗿 https://t.co/1IeEx0SVRU",Jijik,Percaya,Percaya,4,Afirmasi humor ramah tentang anak yang ingin bekerja di SPPG,Percaya,Percaya,Sepakat penuh dengan Penilai 1 (Konsensus),Percaya,Sepakat mufakat tanpa sengketa
RES-0021,Isi fyp tiktok gw sekarang lagu mbg(mas bahlil ganteng)semakin gw g suka lagunya malah makin sering fyp gila 🤡😭😭😭😭,Jijik,Jijik,Jijik,5,Konsensus leksikal dan inferensi model tervalidasi,Jijik,Jijik,Sepakat penuh dengan Penilai 1 (Konsensus),Jijik,Sepakat mufakat tanpa sengketa
RES-0022,@zenitrova No wonder barbie screamed the hell out of her lungs in that car 😭😭😭,Percaya,Percaya,Percaya,5,Konsensus leksikal dan inferensi model tervalidasi,Percaya,Percaya,Sepakat penuh dengan Penilai 1 (Konsensus),Percaya,Sepakat mufakat tanpa sengketa
RES-0023,"Hmmm... Mendem 🫣 
Betul bukan diculik hanya dikasih MBG 
@bonapasogit24
@trihhh14
@branjangankawat
@tokaidirecycle
@DestaMega27
@wiyantokdr54
@NusantaraJaya26
@4Y4NKZ
@YosAditya61
@HafsaHerma41994
@mikuroQ
@Asuka49043105
@fahmanSaja
@riyadisugeng167
@Jediimar
🔁🙏🫣 https://t.co/YT3qwjWlEu",Percaya,Percaya,Percaya,5,Konsensus leksikal dan inferensi model tervalidasi,Percaya,Percaya,Sepakat penuh dengan Penilai 1 (Konsensus),Percaya,Sepakat mufakat tanpa sengketa
RES-0024,"MBG... Mas bahlil ganteng 💝
Buah apa yang paling manis??😚
BUAH....LIL 🤩🥰

💚",Jijik,Jijik,Jijik,5,Konsensus leksikal dan inferensi model tervalidasi,Jijik,Jijik,Sepakat penuh dengan Penilai 1 (Konsensus),Jijik,Sepakat mufakat tanpa sengketa
RES-0025,"MBG, Mas Bahlil Ganteng 

ini lagunya enak anjir 😩",Percaya,Percaya,Percaya,5,Konsensus leksikal dan inferensi model tervalidasi,Percaya,Percaya,Sepakat penuh dengan Penilai 1 (Konsensus),Percaya,Sepakat mufakat tanpa sengketa
RES-0026,@alwaysNanAd_ @zynjinie_ Ternyata kamuuuu😭😭 tp aku mau makasih batsu ku mbg soalnya wkwkwk,Percaya,Jijik,Percaya,4,Apresiasi terima kasih personal antar pengguna,Percaya,Percaya,Sepakat penuh dengan Penilai 1 (Konsensus),Percaya,Sepakat mufakat tanpa sengketa
RES-0027,"nikah yuk sayang, nanti urusan makan minta mbg ☺️",Percaya,Percaya,Percaya,5,Konsensus leksikal dan inferensi model tervalidasi,Percaya,Percaya,Sepakat penuh dengan Penilai 1 (Konsensus),Percaya,Sepakat mufakat tanpa sengketa
RES-0028,@naiotnayrad @geofisi21994 @pamboodi @Gate_76 FYI PSKC cimahi lagi promosi ke liga 1 . Tapi jadi siluman MBG fc 😭,Jijik,Jijik,Jijik,5,Konsensus leksikal dan inferensi model tervalidasi,Jijik,Jijik,Sepakat penuh dengan Penilai 1 (Konsensus),Jijik,Sepakat mufakat tanpa sengketa
RES-0029,"@regar_op0sisi Ocehan gaek ko itu ka itu se...bocor,lapar,SDA...ending nyo MBG....cuma beda ruang dan panggung be...😅...maka nya jgn diksh mic..🤭",Percaya,Jijik,Jijik,5,Sinis politik mengolok-olok narasi bocor/lapar berakhir di MBG,Jijik,Jijik,Sepakat penuh dengan Penilai 1 (Konsensus),Jijik,Sepakat mufakat tanpa sengketa
RES-0030,"SIAPA YANG NGIDE BIKIN LAGU MBG ALIAS “MAS BAHLIL GANTENG” GUE TANYAAAA?😭😭😭

GW UDAH MULAI HAPAL LAGI JINGAAAAN.
“MY LITTLE BOLU KETAN” FAKKK PECAH KETAWA GW😭 https://t.co/GQuoeW6jfJ",Jijik,Jijik,Jijik,5,Konsensus leksikal dan inferensi model tervalidasi,Jijik,Jijik,Sepakat penuh dengan Penilai 1 (Konsensus),Jijik,Sepakat mufakat tanpa sengketa
RES-0031,"MBG...mas bahlil ganteng...
buah buah affh nyang manizz...buahlih

syaland terngiang ngiang tuchh lagu,,,,kasih taw gweh siaffh ffenciptanya😭",Jijik,Jijik,Jijik,5,Konsensus leksikal dan inferensi model tervalidasi,Jijik,Jijik,Sepakat penuh dengan Penilai 1 (Konsensus),Jijik,Sepakat mufakat tanpa sengketa
RES-0032,"isi otak gue skrg: mbg mas bahlil ganteng, buah apa yang paling manis BUAHLIL nambah ganteng aja my little bolu ketan 🎶",Jijik,Jijik,Jijik,5,Konsensus leksikal dan inferensi model tervalidasi,Jijik,Jijik,Sepakat penuh dengan Penilai 1 (Konsensus),Jijik,Sepakat mufakat tanpa sengketa
RES-0033,"meet up with MBG (My Bebeb Gue)

jangan kapok kapok main sama ak ya kak 🥹🫶🏻 @lheeseungily_ @lopjaywon https://t.co/tc93hIxsu0",Percaya,Percaya,Percaya,5,Konsensus leksikal dan inferensi model tervalidasi,Percaya,Percaya,Sepakat penuh dengan Penilai 1 (Konsensus),Percaya,Sepakat mufakat tanpa sengketa
RES-0034,"💚 jadi guru di indo segininya bgt, udah mah sering di hina sama pendukungnya prabowo perkara guru2 minta digajih yg setara sama pekerjaanya. tapi masih juga disuruh ngurusin mbg yg gaada hubungannya sama mereka 😑

https://t.co/6lXNcQAHV1",Tertarik,Tertarik,Tertarik,5,Konsensus leksikal dan inferensi model tervalidasi,Tertarik,Tertarik,Sepakat penuh dengan Penilai 1 (Konsensus),Tertarik,Sepakat mufakat tanpa sengketa
RES-0035,morninggg ☀️ MBG 🤗 mas Bahlil  ganteng 😆 buah apa yang paling manis ❓❓❗ BUAH LIL 😍 tambah ganteng aja 😚  my little bolu ketan 🥺💫😮‍💨,Jijik,Percaya,Jijik,5,Sarkasme pretensi memuji Bahlil untuk menyindir program,Jijik,Jijik,Sepakat penuh dengan Penilai 1 (Konsensus),Jijik,Sepakat mufakat tanpa sengketa
RES-0036,"Kadang suka sedih, SDM sekeren ini dikasih makan MBG 😭",Percaya,Percaya,Percaya,5,Konsensus leksikal dan inferensi model tervalidasi,Percaya,Percaya,Sepakat penuh dengan Penilai 1 (Konsensus),Percaya,Sepakat mufakat tanpa sengketa
RES-0037,"@kimmyexp another mbg dri shopee, makasih ya pi😁🫰🏻",Percaya,Percaya,Percaya,5,Konsensus leksikal dan inferensi model tervalidasi,Percaya,Percaya,Sepakat penuh dengan Penilai 1 (Konsensus),Percaya,Sepakat mufakat tanpa sengketa
RES-0038,"MBG : MAS BAHLIL GANTENG
BUAH APA YANG PALING MANIS ? BUAHLIL 😭

Woy lah siapa yang ngide bikin lagu begini 🫵🫵 https://t.co/MpnCqnttCq",Jijik,Jijik,Jijik,5,Konsensus leksikal dan inferensi model tervalidasi,Jijik,Jijik,Sepakat penuh dengan Penilai 1 (Konsensus),Jijik,Sepakat mufakat tanpa sengketa
RES-0039,"Owh temanku yg cowok² pada switch career ke koperasi desa merah putih &amp; MBG 😭
Padahal semester lalu storiesnya pada masih ngajar kok",Jijik,Jijik,Jijik,5,Konsensus leksikal dan inferensi model tervalidasi,Jijik,Jijik,Sepakat penuh dengan Penilai 1 (Konsensus),Jijik,Sepakat mufakat tanpa sengketa
RES-0040,"Ketemu nongki cerita sambil cuddl dan sudah punya pasangan masing masing, saling memberi semangat karna sama sama sedang merintis mau buka cafe. Di saat kondisi ekonomi lagi sulit sulitnya ini. 🫨

Mungkin f&amp;b yg berprofit besar (MBG) hahahaha https://t.co/0o2pjrzygD",Jijik,Jijik,Jijik,5,Konsensus leksikal dan inferensi model tervalidasi,Jijik,Jijik,Sepakat penuh dengan Penilai 1 (Konsensus),Jijik,Sepakat mufakat tanpa sengketa
RES-0041,"bujet apal banget lagu yang, mbg mas bahlil ganteng, buah apa yg paling manis, buahlil😭😭😭😭😭",Jijik,Jijik,Jijik,5,Konsensus leksikal dan inferensi model tervalidasi,Jijik,Jijik,Sepakat penuh dengan Penilai 1 (Konsensus),Jijik,Sepakat mufakat tanpa sengketa
RES-0042,Asupan mbg😋🥰 https://t.co/ctQH6a6sVh,Percaya,Percaya,Percaya,5,Konsensus leksikal dan inferensi model tervalidasi,Percaya,Percaya,Sepakat penuh dengan Penilai 1 (Konsensus),Percaya,Sepakat mufakat tanpa sengketa
RES-0043,"MBG = Mas Bahlil Ganteng, my dubai chewy cookies, my little bolu ketan 🥹❤️ https://t.co/MiDaUXPqQk",Percaya,Percaya,Percaya,5,Konsensus leksikal dan inferensi model tervalidasi,Percaya,Percaya,Sepakat penuh dengan Penilai 1 (Konsensus),Percaya,Sepakat mufakat tanpa sengketa
RES-0044,"MBG Mas bahlil ganteng
Buah apa yang paling manis? Buahlil...!
Tambah ganteng, aja. My little bolu ketan...

Anjir mana gw apal lagi😭",Jijik,Jijik,Jijik,5,Konsensus leksikal dan inferensi model tervalidasi,Jijik,Jijik,Sepakat penuh dengan Penilai 1 (Konsensus),Jijik,Sepakat mufakat tanpa sengketa
RES-0045,mbg yg ini my budhe guweh😎,Percaya,Percaya,Percaya,5,Konsensus leksikal dan inferensi model tervalidasi,Percaya,Percaya,Sepakat penuh dengan Penilai 1 (Konsensus),Percaya,Sepakat mufakat tanpa sengketa
RES-0046,APA INI ANJ 😭😭😭😭😭,Percaya,Jijik,Jijik,4,Reaksi penolakan spontan terhadap konten,Jijik,Netral,Tawa spontan gaul 'hahahah anjir' tanpa agresi politik langsung,Jijik,Konsensus: Tawa bernada ejekan terhadap berita kegagalan katering MBG (Derisive Disgust).
RES-0047,"Graduate with GRAVT💐
sdh resmi tdk menerima mbg🤙
#intoGRAVT https://t.co/xzjTRDvh1O",Jijik,Jijik,Jijik,5,Konsensus leksikal dan inferensi model tervalidasi,Jijik,Jijik,Sepakat penuh dengan Penilai 1 (Konsensus),Jijik,Sepakat mufakat tanpa sengketa
RES-0048,"ANDING CAKEP BANGEETTT 😭😭😭 ADA GITSU JUGAAAAAA 😭😭😭 YAUDAH AK BNERAN GOYANG MBG INI 

#GINVER5ARY https://t.co/7xEX6a1XMx",Percaya,Jijik,Percaya,5,Slang antusiasme positif penggemar K-pop,Percaya,Percaya,Sepakat penuh dengan Penilai 1 (Konsensus),Percaya,Sepakat mufakat tanpa sengketa
RES-0049,MATI GW 😭😭 BNERAN GOYANG MBG INI ANJEERRRR,Percaya,Jijik,Percaya,5,Slang antusiasme positif penggemar K-pop,Percaya,Percaya,Sepakat penuh dengan Penilai 1 (Konsensus),Percaya,Sepakat mufakat tanpa sengketa
RES-0050,ADUH MBG(MY BINI GUE) SEMUA DIJADIIN SATU FRAME😭😭😭😭🤍🤍🤍,Percaya,Percaya,Percaya,5,Konsensus leksikal dan inferensi model tervalidasi,Percaya,Percaya,Sepakat penuh dengan Penilai 1 (Konsensus),Percaya,Sepakat mufakat tanpa sengketa
RES-0051,"Sedangkan kasus MBG, IKN mangkrak, orang2 itu pada hidup tentram 🤡

What a dzalim country",Netral,Jijik,Jijik,5,Kritik tajam ketidakadilan MBG/IKN menggunakan emoji badut 🤡,Jijik,Jijik,Sepakat penuh dengan Penilai 1 (Konsensus),Jijik,Sepakat mufakat tanpa sengketa
RES-0052,"Untung ngga kebawa angin 😱  !!!

BUAH LIL
Sarapan 
MBG https://t.co/rs223Y3KFp",Jijik,Jijik,Jijik,5,Konsensus leksikal dan inferensi model tervalidasi,Jijik,Jijik,Sepakat penuh dengan Penilai 1 (Konsensus),Jijik,Sepakat mufakat tanpa sengketa
RES-0053,"thats wrap for today's lolfanfest! TERIMA KASIHHHHH jimmysea udah always show the best performance everrrr KEREN SEKALIIIII and thank u mbg tadi 🤣✌🏻 masih ada besok sooo take a nice rest yahhh SEE YOU NEXT OMAKASE ANJAIIIIII

 JSCEAN LOVE FULLSPEED

#LOLFanFest2026D2",Percaya,Jijik,Percaya,5,Apresiasi terima kasih acara fanfest,Percaya,Percaya,Sepakat penuh dengan Penilai 1 (Konsensus),Percaya,Sepakat mufakat tanpa sengketa
RES-0054,Ada yang ngikutin Dorohedoro ngga? Sumpah Minbege demen banget sama karakter ini. 🖤 #JedaSesaat https://t.co/UmaWOco6qe,Jijik,Jijik,Jijik,5,Konsensus leksikal dan inferensi model tervalidasi,Jijik,Jijik,Sepakat penuh dengan Penilai 1 (Konsensus),Jijik,Sepakat mufakat tanpa sengketa
RES-0055,"in this economy, aku punya usaha di tanah abang,
 jualan batik dan tenun, 
sudah dari awal tahun sampai sekarang 
sepinya bukan main, 

pengen nangiiiiiiiis 😭, 
plis lah masih gak peduli dengan dolar 
naik 17 rebu lebih kalian bilang gak berdampak? 
mbg tidak berdampak? a
mat sangat berdampak bagi kami umkm ini. 😭

cc:threadkarrimatulizzah",Jijik,Jijik,Jijik,5,Konsensus leksikal dan inferensi model tervalidasi,Jijik,Jijik,Sepakat penuh dengan Penilai 1 (Konsensus),Jijik,Sepakat mufakat tanpa sengketa
RES-0056,"Negara bisa bayar 
- Karyawan MBG
- Karyawan KDMP
- Napi MBG 

tapi ga bisa bayar gaji guru, 1,6juta guru bakal jadi pengangguran di 2027.. 
Menciptakan lapangan kerja baru tpi mematikan lapangan kerjaan yg sudah ada.
Negara ini sungguh cerdas..👍 https://t.co/QkYqPX0KbP",Jijik,Netral,Jijik,5,Sarkasme ironi memuji negara cerdas padahal menyindir pemotongan gaji guru,Jijik,Jijik,Sepakat penuh dengan Penilai 1 (Konsensus),Jijik,Sepakat mufakat tanpa sengketa
RES-0057,"APBN Per hari 1 Triliun hanya untuk MBG (Makanan Beracun Gratis).
MBG (Maling Berkedok Gizi)🤌 https://t.co/xGuT2Ghlik",Tertarik,Tertarik,Tertarik,5,Konsensus leksikal dan inferensi model tervalidasi,Tertarik,Tertarik,Sepakat penuh dengan Penilai 1 (Konsensus),Tertarik,Sepakat mufakat tanpa sengketa
RES-0058,"EvoX | Apex Team – JP

共に進化し、頂点へ。

Member Recruitment Open
Contact → @pon_beer_mbg 
・20歳以上
・初心者〜マスター
・活動活発な方
現在、💎帯の方を多く募集してます

 #APEX募集  #APEXクラン #APEXフレンド募集  #APEX募集ps5  #APEX募集ps4 https://t.co/pdmY1qNuEI",Percaya,Percaya,Percaya,5,Konsensus leksikal dan inferensi model tervalidasi,Percaya,Percaya,Sepakat penuh dengan Penilai 1 (Konsensus),Percaya,Sepakat mufakat tanpa sengketa
RES-0059,"She's literally MBG 😍🥰
https://t.co/CMwYcUQAOa https://t.co/Owg71TSWW6",Percaya,Percaya,Percaya,5,Konsensus leksikal dan inferensi model tervalidasi,Percaya,Percaya,Sepakat penuh dengan Penilai 1 (Konsensus),Percaya,Sepakat mufakat tanpa sengketa
RES-0060,GAKUAT BGT KLO DAH DRESS MODEL INI😭 CAKEPNYA BERKALI LIPAT SETARA DANA 5THN MBG ITU,Jijik,Jijik,Jijik,5,Konsensus leksikal dan inferensi model tervalidasi,Jijik,Jijik,Sepakat penuh dengan Penilai 1 (Konsensus),Jijik,Sepakat mufakat tanpa sengketa
RES-0061,Keracunan MBG kah Adel?😭,Percaya,Jijik,Jijik,4,Kekhawatiran kasus keracunan makanan program,Jijik,Jijik,Sepakat penuh dengan Penilai 1 (Konsensus),Jijik,Sepakat mufakat tanpa sengketa
RES-0062,"""dianggap beli kemahalan, dan beli yang nggak perlu"". apa kabar yg beli kaos kaki mbg ber milyar milyar itu 😇",Jijik,Jijik,Jijik,5,Konsensus leksikal dan inferensi model tervalidasi,Jijik,Jijik,Sepakat penuh dengan Penilai 1 (Konsensus),Jijik,Sepakat mufakat tanpa sengketa
RES-0063,INIKAH MY MBG😖🩷🫶🏻😖🩷🫶🏻😖🩷🫶🏻 https://t.co/t4YrgnuOuZ,Percaya,Percaya,Percaya,5,Konsensus leksikal dan inferensi model tervalidasi,Percaya,Percaya,Sepakat penuh dengan Penilai 1 (Konsensus),Percaya,Sepakat mufakat tanpa sengketa
RES-0064,"mau pamer sera di sini cakep bgt mbg (my bini gw), dijajanin commis sama seseorang hehe makasih ya kak 💛 https://t.co/tbRiF8Qsbm",Tertarik,Tertarik,Tertarik,5,Konsensus leksikal dan inferensi model tervalidasi,Tertarik,Tertarik,Sepakat penuh dengan Penilai 1 (Konsensus),Tertarik,Sepakat mufakat tanpa sengketa
RES-0065,"Shiiiiittt jelas2 ini MBG real bgt tercantum di pasal 2 dan 3, 1 triliun sehariiiij

“Merugikan keuangan negata atau perekonomian negara”

Tp pasti ngelesnya, itu buktinya gdp kita grow 😩😩😩

*sumber foto dari whatsaupidonesia https://t.co/SEtP5gFOcf",Jijik,Percaya,Jijik,5,Kegeraman atas indikasi pemborosan anggaran Rp 1T sehari,Jijik,Jijik,Sepakat penuh dengan Penilai 1 (Konsensus),Jijik,Sepakat mufakat tanpa sengketa
RES-0066,"@LambeSahamjja Covid 2019 -&gt; Vaksin 2020 -&gt; Bill Gates datang 2025 -&gt; MBG 2026 -&gt; KDMP -&gt; Supply chain makanan pokok dikuasai elite -&gt; Populasi mudah dikontrol. 

Semuanya semakin masuk akal.🙃",Jijik,Jijik,Jijik,5,Konsensus leksikal dan inferensi model tervalidasi,Jijik,Jijik,Sepakat penuh dengan Penilai 1 (Konsensus),Jijik,Sepakat mufakat tanpa sengketa
RES-0067,"Kok kita tuh santai banget sih

1. Negara dengan mata uang terendah ke 5 di dunia
2. Bekasi jadi kota paling beracun ke 2 di dunia
3. Rupiah di angka Rp. 17.377
4. Total 33.626 pelajar keracunan MBG

and the list still go on, we're not angry enough 🙂",Jijik,Jijik,Jijik,5,Konsensus leksikal dan inferensi model tervalidasi,Jijik,Jijik,Sepakat penuh dengan Penilai 1 (Konsensus),Jijik,Sepakat mufakat tanpa sengketa
RES-0068,"Wakil Ketua Majelis Permusyawaratan Rakyat (MPR) Eddy Soeparno mengapresiasi langkah Presiden Prabowo Subianto untuk mengevaluasi program Makan Bergizi Gratis (MBG).

Baca selengkapnya 👇
https://t.co/kXHtHM35xO

~LL #MPR #MBG https://t.co/Q3ueiGYcc5",Netral,Netral,Netral,5,Konsensus leksikal dan inferensi model tervalidasi,Netral,Netral,Sepakat penuh dengan Penilai 1 (Konsensus),Netral,Sepakat mufakat tanpa sengketa
RES-0069,"Curhatan se0rang Anak Yang mewakili sebagian besar Anak yang berangkat ke sekolah dgn Sarapan seadanya atau bahkan tidak sarapan, belajar dlm keadaan Lapar. 

Program MBG memang sangat langsung di rasakan manfaat nya oleh Anak anak sekolah 👍🇮🇩

Tapi yang ingin membubarkan MBG kebanyakan para Tua Bangke 😂😂",Jijik,Jijik,Jijik,5,Konsensus leksikal dan inferensi model tervalidasi,Jijik,Jijik,Sepakat penuh dengan Penilai 1 (Konsensus),Jijik,Sepakat mufakat tanpa sengketa
RES-0070,Sadly sebagai ace iya 😔,Percaya,Percaya,Percaya,5,Konsensus leksikal dan inferensi model tervalidasi,Percaya,Percaya,Sepakat penuh dengan Penilai 1 (Konsensus),Percaya,Sepakat mufakat tanpa sengketa
RES-0071,"emak gw sefrekuensi sm supir grab anying, malah bahas mbg 😭😭",Jijik,Jijik,Jijik,5,Konsensus leksikal dan inferensi model tervalidasi,Jijik,Jijik,Sepakat penuh dengan Penilai 1 (Konsensus),Jijik,Sepakat mufakat tanpa sengketa
RES-0072,"Komitmen Presiden Prabowo Subianto jelas: program MBG harus merata di seluruh Indonesia. Anak sekolah, santri, hingga daerah terpencil harus mendapat akses gizi yang sama. Pemerataan bukan slogan, tapi kerja nyata. ✊ https://t.co/XeiQHGuImR",Tertarik,Tertarik,Tertarik,5,Konsensus leksikal dan inferensi model tervalidasi,Tertarik,Tertarik,Sepakat penuh dengan Penilai 1 (Konsensus),Tertarik,Sepakat mufakat tanpa sengketa
RES-0073,"Maloe banget temen aing nanya ""sebutin 5 hal yang harus gua stop"" (maksudnya stop lakuin) in a trend tiktok way, terus gua jawab MBG 😭😭😭😭",Jijik,Jijik,Jijik,5,Konsensus leksikal dan inferensi model tervalidasi,Jijik,Jijik,Sepakat penuh dengan Penilai 1 (Konsensus),Jijik,Sepakat mufakat tanpa sengketa
RES-0074,Ngucapin sih ngucapin tapi ga sampe mbg prabowo di sebut ga sih🤣kelakuan yang sangat syududu https://t.co/rfXGonZuOY,Tertarik,Jijik,Jijik,4,Ejekan sinis atas penyebutan nama program MBG,Jijik,Netral,Pertanyaan retoris singkat mengenai pelafalan singkatan MBG,Jijik,Konsensus: Slang bermuatan sarkasme yang memplesetkan singkatan program (Cynical Mockery).
RES-0075,Jangan lupa nonton drakor MBG guys!!! Hari ini 😆😆😆,Percaya,Percaya,Percaya,5,Konsensus leksikal dan inferensi model tervalidasi,Percaya,Percaya,Sepakat penuh dengan Penilai 1 (Konsensus),Percaya,Sepakat mufakat tanpa sengketa
RES-0076,"MBG

Mangat, boys &amp; guuurrrllssss! 🫶🏼",Percaya,Percaya,Percaya,5,Konsensus leksikal dan inferensi model tervalidasi,Percaya,Percaya,Sepakat penuh dengan Penilai 1 (Konsensus),Percaya,Sepakat mufakat tanpa sengketa
RES-0077,"Apapun acaranya, MBG solusinya☕️👌 https://t.co/7VCPwP1AoM",Percaya,Jijik,Jijik,4,Meme kopi sarkastik atas solusi segala masalah,Jijik,Jijik,Sepakat penuh dengan Penilai 1 (Konsensus),Jijik,Sepakat mufakat tanpa sengketa
RES-0078,"BAGUS ! 👍🏾👍🏾KALAU  DI IYAKAN AKAN BANYAAAK  MAHASISWA &amp; MAHASISWI  MATI  MATI KERACUNAN 🤪 JUGA PARA DOSEN BISA MATI 🤪JUGA . DAPUR MBG CARA MEMBUNUH YG TIDAK BISA DI HUKUM ? 🎓BAHAYA .Dapur MBG di IPB, Merindukan Pemikiran Sajogyo dan Hariadi Kartodiharjo https://t.co/hmhtCcMsZ2",Jijik,Jijik,Jijik,5,Konsensus leksikal dan inferensi model tervalidasi,Jijik,Jijik,Sepakat penuh dengan Penilai 1 (Konsensus),Jijik,Sepakat mufakat tanpa sengketa
RES-0079,"Ini salah satu anak yang tiap hari makan mbg mentalnya begitu kuat 🤣

🎥:clavariapedia https://t.co/s1CWevCFhf",Jijik,Jijik,Jijik,5,Konsensus leksikal dan inferensi model tervalidasi,Jijik,Jijik,Sepakat penuh dengan Penilai 1 (Konsensus),Jijik,Sepakat mufakat tanpa sengketa
RES-0080,"makanya ada mbg, oh ternyata prabowo ngikutin jejak iblis wkowkowkowkow😂",Jijik,Tertarik,Jijik,5,Kecaman moral tajam menyebut program mengikuti jejak setan,Jijik,Jijik,Sepakat penuh dengan Penilai 1 (Konsensus),Jijik,Sepakat mufakat tanpa sengketa
RES-0081,"Karena memang lebih menguntungkan jadi Pegawai SPPG 😁

Yang diharapkan orang-orang kan begini,

""Guru gak perlu ada, yg penting dapat ompreng MBG""",Jijik,Tertarik,Jijik,5,Sarkasme mengorbankan profesi guru demi ompreng makanan,Jijik,Jijik,Sepakat penuh dengan Penilai 1 (Konsensus),Jijik,Sepakat mufakat tanpa sengketa
RES-0082,sumpah di bandung tuh bukan ruko mbg yg banyak tp lapangan padel jirr ada dimana mana😭,Jijik,Jijik,Jijik,5,Konsensus leksikal dan inferensi model tervalidasi,Jijik,Jijik,Sepakat penuh dengan Penilai 1 (Konsensus),Jijik,Sepakat mufakat tanpa sengketa
RES-0083,"VAI FICAR PARECENDO UM MILK SHAKE

💪 Whey Protein Crush 100% Concentrado Under Labz Coenzima Q10
💵 Por: R$ 104 no PIX ou
💵 R$ 109,90 em até 4x SEM JUROS

https://t.co/m791qHucbK https://t.co/tXtgKeI5nn",Jijik,Netral,Netral,5,Spam iklan komersial luar negeri whey protein,Netral,Netral,Sepakat penuh dengan Penilai 1 (Konsensus),Netral,Sepakat mufakat tanpa sengketa
RES-0084,"Bingung kalo udah milih makan apa 😭
Keknya anak umur 25 juga butuh MBG, kek biar surprise tiap hari beda menu",Jijik,Jijik,Jijik,5,Konsensus leksikal dan inferensi model tervalidasi,Jijik,Jijik,Sepakat penuh dengan Penilai 1 (Konsensus),Jijik,Sepakat mufakat tanpa sengketa
RES-0085,Woi hiu mbg🤣🤣🤣🤣🤣🤣,Percaya,Percaya,Percaya,5,Konsensus leksikal dan inferensi model tervalidasi,Percaya,Percaya,Sepakat penuh dengan Penilai 1 (Konsensus),Percaya,Sepakat mufakat tanpa sengketa
RES-0086,Happy Mother’s Day to all the real mothers out here not just cause you pushed a baby out im not talking to all yall just the REAL MOTHERS! Enjoy your day ❤️,Percaya,Percaya,Percaya,5,Konsensus leksikal dan inferensi model tervalidasi,Percaya,Percaya,Sepakat penuh dengan Penilai 1 (Konsensus),Percaya,Sepakat mufakat tanpa sengketa
RES-0087,Or massaging her🔥🔥🔥🔥,Percaya,Percaya,Percaya,5,Konsensus leksikal dan inferensi model tervalidasi,Percaya,Percaya,Sepakat penuh dengan Penilai 1 (Konsensus),Percaya,Sepakat mufakat tanpa sengketa
RES-0088,"Jujur dititik muakk dg mbg kalau banyak sisa, masalahnya banyaj murid yg mulai bodan dan gak doyann🙃🫵",Tertarik,Tertarik,Tertarik,5,Konsensus leksikal dan inferensi model tervalidasi,Tertarik,Tertarik,Sepakat penuh dengan Penilai 1 (Konsensus),Tertarik,Sepakat mufakat tanpa sengketa
RES-0089,agit sekarang seharusnya udah libur sampai pelepasan.. masa sekolah gue diwajibin masuk sekolah cuma buat ambil MBG??? pulangnya jam normal llagi 💀,Jijik,Percaya,Jijik,5,Keluhan libur sekolah dibatalkan hanya demi mengambil makanan MBG,Jijik,Jijik,Sepakat penuh dengan Penilai 1 (Konsensus),Jijik,Sepakat mufakat tanpa sengketa
RES-0090,"Maacii juga buat mbg (my boyfriend gua), thanks ya bby sudah membujuk (katanya mau ditraktir sushi 🙉) dan menyemangati aku untuk belajar. 

Thank you for always says to me whatever the results is, you'll always love me https://t.co/U3Mo6ptF55",Tertarik,Percaya,Percaya,5,Akronim personal afektif 'my boyfriend gua' penuh cinta,Percaya,Percaya,Sepakat penuh dengan Penilai 1 (Konsensus),Percaya,Sepakat mufakat tanpa sengketa
RES-0091,Heeeereee weeee goooooooo❤️🔥 https://t.co/345ddWTWvx,Percaya,Percaya,Percaya,5,Konsensus leksikal dan inferensi model tervalidasi,Percaya,Percaya,Sepakat penuh dengan Penilai 1 (Konsensus),Percaya,Sepakat mufakat tanpa sengketa
RES-0092,"besok gakmau makan mbg, soalnya udah kenyang sama boynextdoor yang memasak dengan sedap 🤤🍎🫵🏻

KNOCK KNOCK BOYNEXTDOOR
#BOYNEXTDOOR_HOME
BND COMEBACK HOME 
#BOYNEXTDOOR #보이넥스트도어",Jijik,Jijik,Jijik,5,Konsensus leksikal dan inferensi model tervalidasi,Jijik,Jijik,Sepakat penuh dengan Penilai 1 (Konsensus),Jijik,Sepakat mufakat tanpa sengketa
RES-0093,MBG ( MY BINI GW ) 😝🫰🏻🥹🫰🏻 https://t.co/Edbmb3kGzA,Percaya,Percaya,Percaya,5,Konsensus leksikal dan inferensi model tervalidasi,Percaya,Percaya,Sepakat penuh dengan Penilai 1 (Konsensus),Percaya,Sepakat mufakat tanpa sengketa
RES-0094,"rumah ini dulunya kuburan 😪
rumah ini dulunya dapur mbg 😰",Jijik,Jijik,Jijik,5,Konsensus leksikal dan inferensi model tervalidasi,Jijik,Jijik,Sepakat penuh dengan Penilai 1 (Konsensus),Jijik,Sepakat mufakat tanpa sengketa
RES-0095,"Uang kas pemerintah di BI tinggal 120 T??
MBG kek setan jalan terus
Ga ngerti lagi dah 😆",Jijik,Tertarik,Jijik,5,Kegeraman atas kas negara yang menipis sementara belanja jalan terus,Jijik,Jijik,Sepakat penuh dengan Penilai 1 (Konsensus),Jijik,Sepakat mufakat tanpa sengketa
RES-0096,"Ekonomi hancur, presiden lu prabowo, wapres lu gibran, orang-orang di pemerintahan pada korupsi dan nepotisme, mbg tetap jalan.

Udah ga tau mau ngomong apa lagi, wassalamualaikum wr. wb. 🙏",Jijik,Jijik,Jijik,5,Konsensus leksikal dan inferensi model tervalidasi,Jijik,Jijik,Sepakat penuh dengan Penilai 1 (Konsensus),Jijik,Sepakat mufakat tanpa sengketa
RES-0097,"Legi kecintaan banget sama mbg, my bini gue nahnul 🥰 #wip https://t.co/RsYMDbQnUJ",Percaya,Percaya,Percaya,5,Konsensus leksikal dan inferensi model tervalidasi,Percaya,Percaya,Sepakat penuh dengan Penilai 1 (Konsensus),Percaya,Sepakat mufakat tanpa sengketa
RES-0098,MBG yg GUE T3rim4 CMN yunah ♡.,Jijik,Jijik,Jijik,5,Konsensus leksikal dan inferensi model tervalidasi,Jijik,Jijik,Sepakat penuh dengan Penilai 1 (Konsensus),Jijik,Sepakat mufakat tanpa sengketa
RES-0099,RAHMAT 📢📢📢,Percaya,Percaya,Percaya,5,Konsensus leksikal dan inferensi model tervalidasi,Percaya,Percaya,Sepakat penuh dengan Penilai 1 (Konsensus),Percaya,Sepakat mufakat tanpa sengketa
