mentions,date,rolling_mean,rolling_std,z_score,is_anomaly
3,2026-03-02,,,-0.35481176984430696,False
3,2026-03-03,,,-0.35481176984430696,False
2,2026-03-04,2.6666666666666665,0.5773502691896257,-0.36068519962034956,False
8,2026-03-05,4.0,2.7080128015453204,-0.3254446209640941,False
5,2026-03-06,4.2,2.387467277262665,-0.3430649102922218,False
6,2026-03-07,4.5,2.2583179581272432,-0.33719148051617925,False
6,2026-03-08,4.714285714285714,2.138089935299395,-0.33719148051617925,False
8,2026-03-09,5.428571428571429,2.29906813420444,-0.3254446209640941,False
9,2026-03-10,6.285714285714286,2.3603873774083293,-0.3195711911880515,False
6,2026-03-11,6.857142857142857,1.4638501094227991,-0.33719148051617925,False
7,2026-03-13,6.714285714285714,1.3801311186847078,-0.33131805074013665,False
1,2026-03-14,6.142857142857143,2.544836041121407,-0.3665586293963921,False
3,2026-03-15,5.714285714285714,2.8115408417381924,-0.35481176984430696,False
1,2026-03-16,5.0,3.3166247903553994,-0.3665586293963921,False
3,2026-03-17,4.285714285714286,3.0937725468153876,-0.35481176984430696,False
2,2026-03-18,3.2857142857142856,2.360387377408329,-0.36068519962034956,False
11,2026-03-19,4.0,3.696845502136472,-0.30782433163596634,False
8,2026-03-20,4.142857142857143,3.8483144114694956,-0.3254446209640941,False
5,2026-03-21,4.714285714285714,3.5923198500080566,-0.3430649102922218,False
2,2026-03-22,4.571428571428571,3.6903993847614407,-0.36068519962034956,False
52,2026-03-23,11.857142857142858,18.013222656598415,-0.06701371081822073,False
5,2026-03-24,12.142857142857142,17.864569884071017,-0.3430649102922218,False
5,2026-03-25,12.571428571428571,17.61492873348383,-0.3430649102922218,False
8,2026-03-26,12.142857142857142,17.69584293394517,-0.3254446209640941,False
5,2026-03-27,11.714285714285714,17.84856937044055,-0.3430649102922218,False
3,2026-03-28,11.428571428571429,17.989414877061666,-0.35481176984430696,False
8,2026-03-29,12.285714285714286,17.60411207373896,-0.3254446209640941,False
10,2026-03-30,6.285714285714286,2.4299715851758155,-0.31369776141200895,False
19,2026-03-31,8.285714285714286,5.282495802626053,-0.2608368934276257,False
10,2026-04-01,9.0,5.099019513592781,-0.31369776141200895,False
10,2026-04-02,9.285714285714286,5.08967208224281,-0.31369776141200895,False
15,2026-04-03,10.714285714285714,5.089672082242811,-0.28433061253179603,False
8,2026-04-04,11.428571428571429,4.0766466144427564,-0.3254446209640941,False
3,2026-04-05,10.714285714285714,5.089672082242811,-0.35481176984430696,False
5,2026-04-06,10.0,5.53774924194538,-0.3430649102922218,False
11,2026-04-07,8.857142857142858,3.9761191895520143,-0.30782433163596634,False
5,2026-04-08,8.142857142857142,4.1804533816549645,-0.3430649102922218,False
7,2026-04-09,7.714285714285714,4.111540089159031,-0.33131805074013665,False
5,2026-04-10,6.285714285714286,2.627691364061207,-0.3430649102922218,False
80,2026-04-11,16.571428571428573,28.082361859698477,0.09744232291097141,False
202,2026-04-12,45.0,74.4692330205345,0.8140007555881656,False
73,2026-04-13,54.714285714285715,72.79815539264321,0.056328314478673376,False
12,2026-04-14,54.857142857142854,72.6989880063186,-0.3019509018599238,False
17,2026-04-15,56.57142857142857,71.45827953628405,-0.2725837529797109,False
34,2026-04-16,60.42857142857143,69.02380541730304,-0.1727354467869871,False
18,2026-04-17,62.285714285714285,67.44062644458528,-0.26671032320366833,False
18,2026-04-18,53.42857142857143,68.78434207205673,-0.26671032320366833,False
19,2026-04-19,27.285714285714285,21.27372625027,-0.2608368934276257,False
9,2026-04-20,18.142857142857142,7.9041881604747095,-0.3195711911880515,False
13,2026-04-21,18.285714285714285,7.782764841072013,-0.2960774720838812,False
9,2026-04-22,17.142857142857142,8.552359741197469,-0.3195711911880515,False
8,2026-04-23,13.428571428571429,4.859943170351439,-0.3254446209640941,False
20,2026-04-24,13.714285714285714,5.219012860502763,-0.2549634636515832,False
11,2026-04-25,12.714285714285714,4.92322000707801,-0.30782433163596634,False
6,2026-04-26,10.857142857142858,4.598136268408653,-0.33719148051617925,False
5,2026-04-27,10.285714285714286,5.089672082242607,-0.3430649102922218,False
22,2026-04-28,11.571428571428571,6.754187413674982,-0.24321660409949802,False
21,2026-04-29,13.285714285714286,7.476948702830579,-0.2490900338755406,False
13,2026-04-30,14.0,7.118052168020732,-0.2960774720838812,False
9,2026-05-01,12.428571428571429,6.7788185513685875,-0.3195711911880515,False
13,2026-05-02,12.714285714285714,6.750661343263083,-0.2960774720838812,False
11,2026-05-03,13.428571428571429,6.16055037739153,-0.30782433163596634,False
8,2026-05-04,13.857142857142858,5.5506327395641835,-0.3254446209640941,False
25,2026-05-05,14.285714285714286,6.343350474165307,-0.2255963147713703,False
37,2026-05-06,16.571428571428573,10.612212192518845,-0.15511515745885937,False
25,2026-05-07,18.285714285714285,10.904346009952176,-0.2255963147713703,False
39,2026-05-08,22.571428571428573,12.434590770067414,-0.14336829790677422,False
110,2026-05-09,36.42857142857143,34.48602201306658,0.2736452161922487,False
471,2026-05-10,102.14285714285714,165.88794267158033,2.3939533653436187,True
150,2026-05-11,122.42857142857143,161.0691954232271,0.5085824072339518,False
100,2026-05-12,133.14285714285714,155.92030931582602,0.21491091843182294,False
975,2026-05-13,267.14285714285717,346.32712309386943,5.354161972469077,True
268,2026-05-14,301.85714285714283,329.7945969698051,1.2016471208069757,False
46,2026-05-15,302.85714285714283,328.8740531831948,-0.10225428947447619,False
55,2026-05-16,295.0,334.85220620446864,-0.049393421490093,False
52,2026-05-17,235.14285714285714,335.59620010335266,-0.06701371081822073,False
65,2026-05-18,223.0,340.6894969518921,0.009340876270332763,False
59,2026-05-19,217.14285714285714,343.49741802592376,-0.025899702385922697,False
88,2026-05-20,90.42857142857143,79.45408976857254,0.14442976111931202,False
96,2026-05-21,65.85714285714286,18.9334674710206,0.19141719932765264,False
123,2026-05-22,76.85714285714286,26.378201678839442,0.3499998032808022,False
513,2026-05-23,142.28571428571428,165.30347272588708,2.640637415937407,True
1022,2026-05-24,280.85714285714283,364.07024439954284,5.630213171943079,True
