WIB_Hour,Post_Count,Percentage
0,188,2.0193340494092373
1,128,1.3748657357679914
2,115,1.2352309344790546
3,89,0.9559613319011815
4,103,1.1063372717508058
5,176,1.890440386680988
6,238,2.556390977443609
7,354,3.802363050483351
8,443,4.758324382384533
9,438,4.704618689581095
10,535,5.746509129967777
11,557,5.982814178302901
12,610,6.552094522019335
13,631,6.77765843179377
14,537,5.767991407089151
15,529,5.682062298603652
16,590,6.337271750805586
17,661,7.099892588614392
18,416,4.468313641245972
19,539,5.7894736842105265
20,602,6.466165413533835
21,333,3.5767991407089155
22,298,3.2008592910848552
23,200,2.1482277121374866
