Id,Label,Degree,Betweenness,Community,Dominant_Emotion
ayyubi1127108,ayyubi1127108,0.0010309278350515464,0.0,0,disgust
Sekjebn,Sekjebn,0.002061855670103093,2.1278180290021598e-06,0,neutral
azzundip,azzundip,0.0010309278350515464,0.0,1,disgust
cintamiyamin,cintamiyamin,0.0010309278350515464,0.0,1,neutral
hapycbyf,hapycbyf,0.0010309278350515464,0.0,2,disgust
spicygumbear,spicygumbear,0.0010309278350515464,0.0,2,neutral
Giziiii21,Giziiii21,0.004123711340206186,1.2766908174012958e-05,3,disgust
The911onABC,The911onABC,0.0010309278350515464,0.0,3,neutral
katrinrienks,katrinrienks,0.0010309278350515464,0.0,4,disgust
denni_sauya,denni_sauya,0.0010309278350515464,0.0,4,neutral
bangpoerslalu,bangpoerslalu,0.002061855670103093,0.0001851201685231879,15,disgust
txtdrimedia,txtdrimedia,0.0010309278350515464,0.0,15,disgust
levelupyourss,levelupyourss,0.0010309278350515464,0.0,6,disgust
abbangz,abbangz,0.0010309278350515464,0.0,6,neutral
SussySusanti9,SussySusanti9,0.002061855670103093,2.1278180290021598e-06,7,disgust
KaZep7,KaZep7,0.0010309278350515464,0.0,7,neutral
narkosun,narkosun,0.0010309278350515464,0.0,7,disgust
Casagrande10939,Casagrande10939,0.010309278350515464,9.575181130509719e-05,8,disgust
SauloLinsFreir1,SauloLinsFreir1,0.0010309278350515464,0.0,8,neutral
misteriouspavao,misteriouspavao,0.0010309278350515464,0.0,8,neutral
HaileeNicole03,HaileeNicole03,0.0010309278350515464,0.0,3,neutral
RyliverUpdates,RyliverUpdates,0.0010309278350515464,0.0,3,neutral
DreamItFRR7,DreamItFRR7,0.0010309278350515464,0.0,3,neutral
pamcosta21,pamcosta21,0.0010309278350515464,0.0,8,neutral
lateniteyap,lateniteyap,0.0010309278350515464,0.0,9,disgust
tanyakanrl,tanyakanrl,0.005154639175257732,4.0428542551041034e-05,9,disgust
byryull,byryull,0.0010309278350515464,0.0,10,disgust
ryulmaniaz,ryulmaniaz,0.0010309278350515464,0.0,10,neutral
preman69691,preman69691,0.0010309278350515464,0.0,11,disgust
DudeRafay60339,DudeRafay60339,0.002061855670103093,2.1278180290021598e-06,11,neutral
junghwcan,junghwcan,0.0010309278350515464,0.0,12,disgust
minjeonug,minjeonug,0.0010309278350515464,0.0,12,neutral
DianRavi,DianRavi,0.0010309278350515464,0.0,13,disgust
kudanielbintik,kudanielbintik,0.0010309278350515464,0.0,13,disgust
TKawekas,TKawekas,0.002061855670103093,2.1278180290021598e-06,14,disgust
daryllno4h,daryllno4h,0.0010309278350515464,0.0,14,neutral
Verun_000,Verun_000,0.0010309278350515464,0.0,14,neutral
IDeph13,IDeph13,0.0010309278350515464,0.0,15,disgust
RaidenKevin17,RaidenKevin17,0.002061855670103093,0.0001851201685231879,15,disgust
camisa10sci,camisa10sci,0.0010309278350515464,0.0,8,neutral
Kell_cristineR,Kell_cristineR,0.0010309278350515464,0.0,8,neutral
anniestandersen,anniestandersen,0.0010309278350515464,0.0,8,neutral
BolsonaroSP,BolsonaroSP,0.0010309278350515464,0.0,8,neutral
TheInterceptBr,TheInterceptBr,0.0010309278350515464,0.0,8,neutral
4Y4NKZ,4Y4NKZ,0.016494845360824743,0.00016065026118966305,16,disgust
newIding30,newIding30,0.015463917525773196,9.681572031959827e-05,16,disgust
bonapasogit24,bonapasogit24,0.002061855670103093,0.0,16,neutral
trihhh14,trihhh14,0.002061855670103093,0.0,16,neutral
branjangankawat,branjangankawat,0.002061855670103093,0.0,16,neutral
tokaidirecycle,tokaidirecycle,0.002061855670103093,0.0,16,neutral
DestaMega27,DestaMega27,0.002061855670103093,0.0,16,neutral
wiyantokdr54,wiyantokdr54,0.002061855670103093,0.0,16,neutral
NusantaraJaya26,NusantaraJaya26,0.002061855670103093,0.0,16,neutral
YosAditya61,YosAditya61,0.002061855670103093,0.0,16,neutral
HafsaHerma41994,HafsaHerma41994,0.002061855670103093,0.0,16,neutral
mikuroQ,mikuroQ,0.002061855670103093,0.0,16,neutral
Asuka49043105,Asuka49043105,0.002061855670103093,0.0,16,neutral
fahmanSaja,fahmanSaja,0.002061855670103093,0.0,16,neutral
riyadisugeng167,riyadisugeng167,0.002061855670103093,0.0,16,neutral
Jediimar,Jediimar,0.002061855670103093,0.0,16,neutral
fanserine48,fanserine48,0.0010309278350515464,0.0,0,disgust
AsliDongo,AsliDongo,0.0010309278350515464,0.0,17,disgust
aimr0d,aimr0d,0.0010309278350515464,0.0,17,neutral
langitygbiru7,langitygbiru7,0.0010309278350515464,0.0,15,disgust
regar_op0sisi,regar_op0sisi,0.007216494845360825,0.0045641696722096324,15,disgust
JoniStrak01,JoniStrak01,0.0010309278350515464,0.0,15,disgust
citogog,citogog,0.0010309278350515464,0.0,18,disgust
Duren___,Duren___,0.0010309278350515464,0.0,18,neutral
naniesiahidayah,naniesiahidayah,0.0010309278350515464,0.0,19,disgust
avocadowaa,avocadowaa,0.0010309278350515464,0.0,19,neutral
Hendy74039,Hendy74039,0.0010309278350515464,0.0,20,disgust
LexMarteg,LexMarteg,0.0010309278350515464,0.0,20,neutral
888MBG,888MBG,0.0030927835051546395,6.383454087006479e-06,21,disgust
WesleyHuntTX,WesleyHuntTX,0.0010309278350515464,0.0,21,neutral
karimNoo12,karimNoo12,0.0010309278350515464,0.0,22,disgust
Y_CynthiaJKT48,Y_CynthiaJKT48,0.0010309278350515464,0.0,22,neutral
xquitavee,xquitavee,0.002061855670103093,0.0003659847009883715,15,disgust
Khuhua,Khuhua,0.0010309278350515464,0.0,23,disgust
SpacesFolios,SpacesFolios,0.002061855670103093,2.1278180290021598e-06,23,neutral
Profokiev,Profokiev,0.0010309278350515464,0.0,24,disgust
zenitrova,zenitrova,0.0010309278350515464,0.0,24,neutral
RekjanS,RekjanS,0.0010309278350515464,0.0,25,disgust
FayaAtika,FayaAtika,0.0010309278350515464,0.0,25,neutral
anindyabelle,anindyabelle,0.0010309278350515464,0.0,26,disgust
danskuss,danskuss,0.002061855670103093,2.1278180290021598e-06,26,neutral
asbackretack,asbackretack,0.0010309278350515464,0.0,27,disgust
Makaryo0,Makaryo0,0.0030927835051546395,1.7022544232017278e-05,27,disgust
sijidw,sijidw,0.002061855670103093,8.511272116008639e-06,27,disgust
rizalxharun,rizalxharun,0.0010309278350515464,0.0,27,neutral
menbrrr,menbrrr,0.0010309278350515464,0.0,28,disgust
fiif_ardani,fiif_ardani,0.0010309278350515464,0.0,28,neutral
_Nikolicious,_Nikolicious,0.0010309278350515464,0.0,29,disgust
xongra56latione,xongra56latione,0.0010309278350515464,0.0,29,neutral
sabtudepan,sabtudepan,0.0010309278350515464,0.0,30,disgust
xAvellesch,xAvellesch,0.0010309278350515464,0.0,30,neutral
ziyaay111226212,ziyaay111226212,0.0010309278350515464,0.0,31,disgust
Sarangkusayang,Sarangkusayang,0.0010309278350515464,0.0,31,neutral
canmenita,canmenita,0.0010309278350515464,0.0,32,disgust
kuyngnim,kuyngnim,0.0010309278350515464,0.0,32,neutral
040Fitri84093,040Fitri84093,0.002061855670103093,2.1278180290021598e-06,33,disgust
alwaysNanAd_,alwaysNanAd_,0.0010309278350515464,0.0,33,neutral
zynjinie_,zynjinie_,0.0010309278350515464,0.0,33,disgust
jjuberockin,jjuberockin,0.0010309278350515464,0.0,34,disgust
xxaegle,xxaegle,0.0010309278350515464,0.0,34,neutral
punishe98373138,punishe98373138,0.007216494845360825,0.0011564690987626739,15,disgust
prabowo,prabowo,0.015463917525773196,0.005413169065781495,15,neutral
DPR_RI,DPR_RI,0.0010309278350515464,0.0,15,neutral
MPR,MPR,0.0010309278350515464,0.0,15,neutral
Gerindra,Gerindra,0.0010309278350515464,0.0,15,neutral
sjafriesjams,sjafriesjams,0.002061855670103093,4.4684178609045354e-05,15,neutral
bang_dasco,bang_dasco,0.0010309278350515464,0.0,15,neutral
AriFleischer,AriFleischer,0.0010309278350515464,0.0,21,neutral
igt_hast2prast,igt_hast2prast,0.0010309278350515464,0.0,35,disgust
otaknyakonslet,otaknyakonslet,0.0010309278350515464,0.0,35,neutral
Leifisherman,Leifisherman,0.0010309278350515464,0.0,36,disgust
Hidupsebagai62,Hidupsebagai62,0.0010309278350515464,0.0,36,neutral
ctrlaltdel_77,ctrlaltdel_77,0.004123711340206186,1.2766908174012958e-05,37,disgust
naiotnayrad,naiotnayrad,0.0010309278350515464,0.0,37,neutral
geofisi21994,geofisi21994,0.0010309278350515464,0.0,37,neutral
pamboodi,pamboodi,0.0010309278350515464,0.0,37,neutral
Gate_76,Gate_76,0.0010309278350515464,0.0,37,neutral
jeymire_,jeymire_,0.0010309278350515464,0.0,38,disgust
jahrarubyjaraa,jahrarubyjaraa,0.0010309278350515464,0.0,38,neutral
EricLDaugh,EricLDaugh,0.0010309278350515464,0.0,21,neutral
EpicRifqi,EpicRifqi,0.0010309278350515464,0.0,39,disgust
kompascom,kompascom,0.0010309278350515464,0.0,39,disgust
Xint_elvira05,Xint_elvira05,0.0010309278350515464,0.0,40,love
vespamatic96,vespamatic96,0.0010309278350515464,0.0,40,neutral
Ryan_Ramirez,Ryan_Ramirez,0.0010309278350515464,0.0,41,disgust
MiskinTV_,MiskinTV_,0.0010309278350515464,0.0,41,disgust
Yurifications_,Yurifications_,0.0010309278350515464,0.0,42,disgust
Aqua_Tako,Aqua_Tako,0.0010309278350515464,0.0,42,neutral
AvocadomiL,AvocadomiL,0.0010309278350515464,0.0,43,disgust
cozyaltruis,cozyaltruis,0.0010309278350515464,0.0,43,disgust
MuhamadNasir_79,MuhamadNasir_79,0.0010309278350515464,0.0,15,disgust
oelmaoel,oelmaoel,0.002061855670103093,1.06390901450108e-05,44,disgust
A_LuluJKT48,A_LuluJKT48,0.0010309278350515464,0.0,44,neutral
Aho_Serval,Aho_Serval,0.0010309278350515464,0.0,45,disgust
Nessss_02,Nessss_02,0.0010309278350515464,0.0,45,disgust
Rhym03,Rhym03,0.002061855670103093,0.0003659847009883715,15,disgust
Jelli_cent,Jelli_cent,0.002061855670103093,0.0001851201685231879,15,disgust
jseongnara29,jseongnara29,0.002061855670103093,2.1278180290021598e-06,46,disgust
lheeseungily_,lheeseungily_,0.0010309278350515464,0.0,46,neutral
lopjaywon,lopjaywon,0.0010309278350515464,0.0,46,neutral
bicepsmingyu,bicepsmingyu,0.0010309278350515464,0.0,47,disgust
wondunge,wondunge,0.002061855670103093,4.2556360580043196e-06,47,neutral
deelicato,deelicato,0.002061855670103093,6.383454087006479e-06,48,disgust
hunter_tnok,hunter_tnok,0.002061855670103093,8.511272116008639e-06,48,neutral
Jefferyyyyy,Jefferyyyyy,0.0010309278350515464,0.0,48,neutral
zellechao,zellechao,0.0010309278350515464,0.0,49,disgust
rsloav,rsloav,0.0010309278350515464,0.0,49,neutral
4ssahongsam,4ssahongsam,0.0010309278350515464,0.0,50,disgust
13_iwaN,13_iwaN,0.0010309278350515464,0.0,50,neutral
aksukadiskon,aksukadiskon,0.0010309278350515464,0.0,51,disgust
kimmyexp,kimmyexp,0.0010309278350515464,0.0,51,disgust
moonlyheeesunie,moonlyheeesunie,0.002061855670103093,2.1278180290021598e-06,52,disgust
_ikkeunapp,_ikkeunapp,0.0010309278350515464,0.0,52,neutral
Byll_Upg,Byll_Upg,0.0010309278350515464,0.0,53,disgust
BarisanPemudaRI,BarisanPemudaRI,0.0010309278350515464,0.0,53,neutral
C_OnielJKT48,C_OnielJKT48,0.002061855670103093,1.7022544232017278e-05,44,neutral
IOS_GrizlyWolf,IOS_GrizlyWolf,0.0010309278350515464,0.0,26,disgust
baymax911,baymax911,0.0010309278350515464,0.0,54,disgust
neesannisaa,neesannisaa,0.0010309278350515464,0.0,54,neutral
kelambang,kelambang,0.0010309278350515464,0.0,55,disgust
SobatUwu,SobatUwu,0.0010309278350515464,0.0,55,neutral
multibank_io,multibank_io,0.005154639175257732,3.830072452203888e-05,56,disgust
teedubya,teedubya,0.0010309278350515464,0.0,56,neutral
Zak_mbg,Zak_mbg,0.0010309278350515464,0.0,56,neutral
mbgtoken,mbgtoken,0.0030927835051546395,2.340599831902376e-05,56,disgust
Bitpanda,Bitpanda,0.0010309278350515464,0.0,56,neutral
MultiBankGroup,MultiBankGroup,0.0010309278350515464,0.0,56,neutral
juraganasset,juraganasset,0.0010309278350515464,0.0,15,disgust
MBGtoken,MBGtoken,0.0010309278350515464,0.0,56,neutral
EvoXHQ,EvoXHQ,0.0010309278350515464,0.0,57,disgust
pon_beer_mbg,pon_beer_mbg,0.0010309278350515464,0.0,57,neutral
bbiiyaya,bbiiyaya,0.004123711340206186,0.0005489770514825572,15,disgust
kemenkeu,kemenkeu,0.0010309278350515464,0.0,15,neutral
bpkri,bpkri,0.0010309278350515464,0.0,15,neutral
KejaksaanRI,KejaksaanRI,0.0010309278350515464,0.0,15,neutral
0dicta,0dicta,0.0010309278350515464,0.0,58,disgust
LambeSahamjja,LambeSahamjja,0.004123711340206186,1.2766908174012958e-05,58,disgust
Rooseno16,Rooseno16,0.002061855670103093,4.2556360580043196e-06,59,disgust
jeanhanji,jeanhanji,0.0010309278350515464,0.0,59,neutral
KapudS640,KapudS640,0.002061855670103093,4.2556360580043196e-06,59,disgust
SusahDicari_01,SusahDicari_01,0.002061855670103093,2.1278180290021598e-06,60,disgust
PutraMataSatu,PutraMataSatu,0.0010309278350515464,0.0,60,neutral
msaid_didu,msaid_didu,0.0010309278350515464,0.0,60,neutral
shehzaezen,shehzaezen,0.0010309278350515464,0.0,61,disgust
unmagnetism,unmagnetism,0.002061855670103093,0.0001851201685231879,61,disgust
kurniawanaghil,kurniawanaghil,0.0010309278350515464,0.0,15,disgust
apatisgelap,apatisgelap,0.0010309278350515464,0.0,62,disgust
tuanmudazuhri,tuanmudazuhri,0.0010309278350515464,0.0,62,neutral
MBGLucas,MBGLucas,0.0010309278350515464,0.0,63,disgust
therealbuni,therealbuni,0.0010309278350515464,0.0,63,neutral
mukaikhlas,mukaikhlas,0.002061855670103093,2.1278180290021598e-06,64,disgust
barcastuff_idn,barcastuff_idn,0.0010309278350515464,0.0,64,neutral
xiaotingiee,xiaotingiee,0.0010309278350515464,0.0,65,disgust
TllorVenus,TllorVenus,0.0010309278350515464,0.0,65,neutral
vanphetamine,vanphetamine,0.0010309278350515464,0.0,66,disgust
burjerQUEEN,burjerQUEEN,0.0010309278350515464,0.0,66,neutral
real__1993,real__1993,0.0010309278350515464,0.0,67,disgust
official_IMETU,official_IMETU,0.0010309278350515464,0.0,67,neutral
luckytsar,luckytsar,0.0010309278350515464,0.0,15,disgust
grok,grok,0.04329896907216495,0.00594086793697403,61,disgust
HSoekma23,HSoekma23,0.0010309278350515464,0.0,61,neutral
unpwettygurl,unpwettygurl,0.0010309278350515464,0.0,68,disgust
naikkaki,naikkaki,0.0010309278350515464,0.0,68,neutral
ganjarpranowo,ganjarpranowo,0.0010309278350515464,0.0,15,neutral
kirimminji,kirimminji,0.0010309278350515464,0.0,69,disgust
haarxto,haarxto,0.0010309278350515464,0.0,69,neutral
Choco_CakeGirl,Choco_CakeGirl,0.0010309278350515464,0.0,70,disgust
lufcentt,lufcentt,0.0010309278350515464,0.0,70,neutral
cecanssizzle,cecanssizzle,0.0010309278350515464,0.0,71,disgust
eatsimple_x,eatsimple_x,0.0010309278350515464,0.0,71,neutral
UNinIndonesia,UNinIndonesia,0.0010309278350515464,0.0,72,disgust
FAO,FAO,0.0010309278350515464,0.0,72,neutral
chronictides,chronictides,0.0010309278350515464,0.0,73,disgust
JunonYaoi,JunonYaoi,0.0010309278350515464,0.0,73,neutral
KRjogjadotcom,KRjogjadotcom,0.0010309278350515464,0.0,74,disgust
KemenkesRI,KemenkesRI,0.0010309278350515464,0.0,74,neutral
Turu748392,Turu748392,0.004123711340206186,1.2766908174012958e-05,75,disgust
HaryaWee,HaryaWee,0.0010309278350515464,0.0,75,neutral
ANDIJaya490011,ANDIJaya490011,0.0010309278350515464,0.0,75,neutral
ren_tonggg,ren_tonggg,0.0010309278350515464,0.0,75,neutral
BANGSAygSUJUD,BANGSAygSUJUD,0.0010309278350515464,0.0,75,neutral
Arnikaaa7,Arnikaaa7,0.002061855670103093,4.2556360580043196e-06,76,disgust
mengendog,mengendog,0.0010309278350515464,0.0,76,neutral
ARSIPAJA,ARSIPAJA,0.002061855670103093,4.2556360580043196e-06,76,neutral
keisthoughts,keisthoughts,0.0010309278350515464,0.0,77,disgust
Diary7268742469,Diary7268742469,0.0010309278350515464,0.0,77,neutral
signewsx,signewsx,0.002061855670103093,0.0,78,disgust
iz_fad,iz_fad,0.002061855670103093,0.0001851201685231879,15,disgust
ekowboy2,ekowboy2,0.0010309278350515464,0.0,15,neutral
yeyonjunm,yeyonjunm,0.0010309278350515464,0.0,79,disgust
ppetalscsbn,ppetalscsbn,0.0010309278350515464,0.0,79,neutral
qiyukithes,qiyukithes,0.0010309278350515464,0.0,80,disgust
kakcaleb,kakcaleb,0.0010309278350515464,0.0,80,neutral
meliacomels,meliacomels,0.0010309278350515464,0.0,81,disgust
araalfarc,araalfarc,0.0010309278350515464,0.0,81,neutral
xxbunitoxx,xxbunitoxx,0.0010309278350515464,0.0,82,disgust
hyulryul,hyulryul,0.0010309278350515464,0.0,82,neutral
MeIlngar,MeIlngar,0.0030927835051546395,6.383454087006479e-06,83,disgust
Aeroleth,Aeroleth,0.0010309278350515464,0.0,83,neutral
rosyyzls,rosyyzls,0.0010309278350515464,0.0,84,disgust
rosyluluzi,rosyluluzi,0.0010309278350515464,0.0,84,neutral
AzureMandsager,AzureMandsager,0.0010309278350515464,0.0,85,disgust
chomeiyeo,chomeiyeo,0.0010309278350515464,0.0,85,neutral
c0rtisean,c0rtisean,0.002061855670103093,0.0,86,disgust
kisscatto,kisscatto,0.0010309278350515464,0.0,87,disgust
Burgeohn,Burgeohn,0.0010309278350515464,0.0,87,neutral
annebolleyn_,annebolleyn_,0.0010309278350515464,0.0,88,disgust
norihaya_,norihaya_,0.0010309278350515464,0.0,88,neutral
AvelinoGuido28,AvelinoGuido28,0.0010309278350515464,0.0,89,disgust
tempodotco,tempodotco,0.0010309278350515464,0.0,89,neutral
paulus_pebria,paulus_pebria,0.0010309278350515464,0.0,90,disgust
eleanorr234,eleanorr234,0.0010309278350515464,0.0,90,neutral
aurahoki9_,aurahoki9_,0.0010309278350515464,0.0,91,disgust
henzzid,henzzid,0.0010309278350515464,0.0,91,neutral
Natha66962444,Natha66962444,0.0010309278350515464,0.0,92,disgust
susno2g,susno2g,0.0010309278350515464,0.0,92,neutral
arrahmah,arrahmah,0.002061855670103093,2.1278180290021598e-06,93,disgust
arrahmahdotid,arrahmahdotid,0.0010309278350515464,0.0,93,neutral
arrahmah_id,arrahmah_id,0.0010309278350515464,0.0,93,neutral
banten_pemprov,banten_pemprov,0.005154639175257732,6.383454087006479e-06,94,disgust
pemerintahprovinsibanten,pemerintahprovinsibanten,0.0010309278350515464,0.0,94,neutral
pemprovbanten,pemprovbanten,0.0010309278350515464,0.0,94,neutral
bantenprov,bantenprov,0.0010309278350515464,0.0,94,neutral
kudanyeng1r_,kudanyeng1r_,0.0010309278350515464,0.0,61,neutral
sosmedkeras,sosmedkeras,0.0010309278350515464,0.0,95,disgust
ariessphoto,ariessphoto,0.0010309278350515464,0.0,95,neutral
RicKY_KCh,RicKY_KCh,0.0010309278350515464,0.0,15,disgust
FaGtng,FaGtng,0.0010309278350515464,0.0,15,disgust
KompasTV,KompasTV,0.002061855670103093,0.0,96,disgust
direktoridosen,direktoridosen,0.004123711340206186,0.0012362622748502549,15,disgust
dosenkesmas,dosenkesmas,0.002061855670103093,0.0001851201685231879,15,disgust
iPoopBased,iPoopBased,0.0010309278350515464,0.0,15,neutral
gibran_tweet,gibran_tweet,0.002061855670103093,0.0005425935973955507,15,neutral
merindukan07,merindukan07,0.0010309278350515464,0.0,61,neutral
yaniarsim,yaniarsim,0.0010309278350515464,0.0,61,neutral
Biskuitcoklat28,Biskuitcoklat28,0.0010309278350515464,0.0,97,love
B3doel___,B3doel___,0.0010309278350515464,0.0,97,neutral
rmbantitermul,rmbantitermul,0.0010309278350515464,0.0,98,disgust
Txtdariiugm,Txtdariiugm,0.002061855670103093,2.1278180290021598e-06,98,neutral
wilsonlimaslz,wilsonlimaslz,0.0010309278350515464,0.0,8,neutral
reis_dos78287,reis_dos78287,0.0010309278350515464,0.0,8,neutral
MariaAlkaff_,MariaAlkaff_,0.002061855670103093,2.1278180290021598e-06,99,disgust
OmJ_J3Nggott,OmJ_J3Nggott,0.0010309278350515464,0.0,99,disgust
Dsxxll5,Dsxxll5,0.0010309278350515464,0.0,99,neutral
raraisya_1,raraisya_1,0.0010309278350515464,0.0,100,disgust
DivHumas_Polri,DivHumas_Polri,0.002061855670103093,4.2556360580043196e-06,100,disgust
Jennywasright,Jennywasright,0.0030927835051546395,6.383454087006479e-06,101,disgust
Delynn_JKT48,Delynn_JKT48,0.0010309278350515464,0.0,101,neutral
Greesel_JKT48,Greesel_JKT48,0.0010309278350515464,0.0,101,disgust
Yozgat_gizi,Yozgat_gizi,0.002061855670103093,2.1278180290021598e-06,102,disgust
yozgatfmtv,yozgatfmtv,0.0010309278350515464,0.0,102,neutral
bersucuregurl,bersucuregurl,0.002061855670103093,0.0,103,disgust
BeYumoi,BeYumoi,0.0010309278350515464,0.0,104,disgust
jokowi,jokowi,0.0010309278350515464,0.0,104,neutral
HimaGiziUhamka,HimaGiziUhamka,0.004123711340206186,2.1278180290021598e-06,105,disgust
himagiziuhamka,himagiziuhamka,0.0010309278350515464,0.0,105,neutral
efn5645e,efn5645e,0.0010309278350515464,0.0,105,neutral
eMbahNyutz,eMbahNyutz,0.0010309278350515464,0.0,61,neutral
toniheru,toniheru,0.0010309278350515464,0.0,61,neutral
YudhaShanny2,YudhaShanny2,0.0010309278350515464,0.0,106,disgust
CakArmuji,CakArmuji,0.0010309278350515464,0.0,106,neutral
Siputty1,Siputty1,0.0010309278350515464,0.0,15,disgust
Yunusakbaba1905,Yunusakbaba1905,0.0010309278350515464,0.0,102,neutral
Navpem,Navpem,0.0010309278350515464,0.0,107,disgust
nksthi,nksthi,0.0010309278350515464,0.0,107,neutral
afrkml,afrkml,0.0010309278350515464,0.0,108,disgust
tingtingtuing_,tingtingtuing_,0.0010309278350515464,0.0,108,neutral
daffiriffi,daffiriffi,0.007216494845360825,0.0009841158384134988,15,disgust
Puspen_TNI,Puspen_TNI,0.0010309278350515464,0.0,15,neutral
Puspom_ad,Puspom_ad,0.0010309278350515464,0.0,15,neutral
tni_ad,tni_ad,0.0010309278350515464,0.0,15,neutral
_TNIAL_,_TNIAL_,0.0010309278350515464,0.0,15,neutral
_TNIAU,_TNIAU,0.0010309278350515464,0.0,15,neutral
saskiadina7,saskiadina7,0.0010309278350515464,0.0,15,disgust
DedynurPalakka,DedynurPalakka,0.0010309278350515464,0.0,109,disgust
Arman_topbgt,Arman_topbgt,0.0010309278350515464,0.0,109,disgust
markyasoul,markyasoul,0.0010309278350515464,0.0,110,disgust
cheettahlee,cheettahlee,0.0010309278350515464,0.0,110,neutral
verl0x,verl0x,0.0010309278350515464,0.0,111,disgust
bopo_jodhipati,bopo_jodhipati,0.0010309278350515464,0.0,111,disgust
idn_app,idn_app,0.002061855670103093,4.2556360580043196e-06,112,disgust
CErine_JKT48,CErine_JKT48,0.002061855670103093,4.2556360580043196e-06,112,neutral
Rilly_JKT48,Rilly_JKT48,0.0010309278350515464,0.0,112,neutral
txtfrommtiktok,txtfrommtiktok,0.0010309278350515464,0.0,113,disgust
UTDFade,UTDFade,0.0010309278350515464,0.0,113,neutral
liaasister,liaasister,0.002061855670103093,2.1278180290021598e-06,114,disgust
P3gEl,P3gEl,0.0010309278350515464,0.0,114,disgust
ronnyhenk1,ronnyhenk1,0.0010309278350515464,0.0,114,neutral
adskals,adskals,0.0010309278350515464,0.0,115,love
tir_mcdohll,tir_mcdohll,0.002061855670103093,2.1278180290021598e-06,115,neutral
judyopiaa,judyopiaa,0.0010309278350515464,0.0,116,disgust
chessefolkss,chessefolkss,0.0010309278350515464,0.0,116,neutral
adzakael,adzakael,0.0010309278350515464,0.0,117,disgust
wfr3104,wfr3104,0.002061855670103093,2.1278180290021598e-06,117,neutral
graciasworld_,graciasworld_,0.002061855670103093,1.2766908174012958e-05,9,disgust
rapp_yoongi,rapp_yoongi,0.0010309278350515464,0.0,9,neutral
vandelavan,vandelavan,0.0010309278350515464,0.0,118,disgust
daybyzak,daybyzak,0.0010309278350515464,0.0,118,neutral
IsmauAlim,IsmauAlim,0.0010309278350515464,0.0,119,disgust
Gendoet3G,Gendoet3G,0.0010309278350515464,0.0,119,neutral
amateurgy,amateurgy,0.0010309278350515464,0.0,120,disgust
hiitsteengirl,hiitsteengirl,0.0010309278350515464,0.0,120,neutral
rince_life,rince_life,0.002061855670103093,2.1278180290021598e-06,121,disgust
eLAmaravati,eLAmaravati,0.0010309278350515464,0.0,121,neutral
peppreoni,peppreoni,0.0010309278350515464,0.0,121,neutral
ranqueenie04,ranqueenie04,0.0010309278350515464,0.0,122,disgust
tanyarlfes,tanyarlfes,0.005154639175257732,2.9789452406030236e-05,122,disgust
tresmerveilleux,tresmerveilleux,0.0010309278350515464,0.0,123,disgust
cigareaftrdeath,cigareaftrdeath,0.0010309278350515464,0.0,123,neutral
martinayosevina,martinayosevina,0.002061855670103093,2.1278180290021598e-06,124,disgust
FikRiddler,FikRiddler,0.0010309278350515464,0.0,124,neutral
adanginyah,adanginyah,0.0010309278350515464,0.0,124,disgust
amoebazoa_,amoebazoa_,0.0010309278350515464,0.0,125,disgust
Arlecchinio,Arlecchinio,0.0010309278350515464,0.0,125,neutral
Capitalisborju,Capitalisborju,0.002061855670103093,3.4045088464034556e-05,16,disgust
kipyiksamgong,kipyiksamgong,0.0010309278350515464,0.0,16,neutral
kiyomigummy,kiyomigummy,0.0010309278350515464,0.0,126,disgust
Tenszchii,Tenszchii,0.0010309278350515464,0.0,126,neutral
babyrfox,babyrfox,0.0010309278350515464,0.0,127,love
Hanibon1004,Hanibon1004,0.0010309278350515464,0.0,127,neutral
Hearts2INA,Hearts2INA,0.0010309278350515464,0.0,128,disgust
Hearts2Hearts,Hearts2Hearts,0.0010309278350515464,0.0,128,neutral
susueuno,susueuno,0.0010309278350515464,0.0,129,disgust
thessnam,thessnam,0.0010309278350515464,0.0,129,neutral
QNisa22,QNisa22,0.0010309278350515464,0.0,130,disgust
bckupacc99,bckupacc99,0.002061855670103093,2.1278180290021598e-06,130,neutral
febrixnx,febrixnx,0.0010309278350515464,0.0,131,disgust
G_minton,G_minton,0.002061855670103093,2.1278180290021598e-06,131,neutral
AryaB1172,AryaB1172,0.0010309278350515464,0.0,132,disgust
Astro_Boy020,Astro_Boy020,0.0010309278350515464,0.0,132,disgust
duraNOTace,duraNOTace,0.0010309278350515464,0.0,133,disgust
sjfi_twider,sjfi_twider,0.0010309278350515464,0.0,133,neutral
Callherfray,Callherfray,0.0010309278350515464,0.0,134,disgust
Ccookk_,Ccookk_,0.0010309278350515464,0.0,134,disgust
flwrm00n,flwrm00n,0.0010309278350515464,0.0,135,disgust
bardanslm,bardanslm,0.0010309278350515464,0.0,135,disgust
mmelisa0309,mmelisa0309,0.0010309278350515464,0.0,136,disgust
hizwani,hizwani,0.0010309278350515464,0.0,136,neutral
211_istp,211_istp,0.0010309278350515464,0.0,137,disgust
chanheeehnahc,chanheeehnahc,0.0010309278350515464,0.0,137,neutral
fishcrman,fishcrman,0.0010309278350515464,0.0,138,disgust
galanntis,galanntis,0.0010309278350515464,0.0,138,neutral
MFBonX,MFBonX,0.0010309278350515464,0.0,139,disgust
Willi301001,Willi301001,0.0010309278350515464,0.0,139,neutral
Alarsszz,Alarsszz,0.002061855670103093,2.1278180290021598e-06,140,disgust
anggraenime,anggraenime,0.0010309278350515464,0.0,140,neutral
ira_ndni,ira_ndni,0.002061855670103093,2.1278180290021598e-06,141,disgust
doublesixbabe,doublesixbabe,0.0010309278350515464,0.0,141,neutral
zeegot_,zeegot_,0.0010309278350515464,0.0,141,neutral
bebekxpanda,bebekxpanda,0.0010309278350515464,0.0,142,disgust
wwwteshow06,wwwteshow06,0.0010309278350515464,0.0,142,neutral
notresponding02,notresponding02,0.0010309278350515464,0.0,122,disgust
haryfahrain,haryfahrain,0.002061855670103093,6.383454087006479e-06,143,disgust
simply_err,simply_err,0.0010309278350515464,0.0,143,neutral
itbfess_x,itbfess_x,0.0030927835051546395,8.511272116008639e-06,143,neutral
Iam23853426,Iam23853426,0.0010309278350515464,0.0,144,disgust
qrivasiii,qrivasiii,0.0010309278350515464,0.0,144,neutral
mn_ji__,mn_ji__,0.0010309278350515464,0.0,145,disgust
carbs_racha,carbs_racha,0.0010309278350515464,0.0,145,neutral
vouzmoex,vouzmoex,0.0010309278350515464,0.0,115,disgust
shavyre,shavyre,0.0010309278350515464,0.0,146,love
ocilbetterthing,ocilbetterthing,0.0010309278350515464,0.0,146,neutral
duchessutara,duchessutara,0.0010309278350515464,0.0,147,disgust
asmaramerona,asmaramerona,0.0010309278350515464,0.0,147,disgust
shughani06,shughani06,0.0010309278350515464,0.0,148,love
ZS2129,ZS2129,0.0010309278350515464,0.0,148,neutral
hellokyeomcute,hellokyeomcute,0.0010309278350515464,0.0,9,disgust
hans_thetic,hans_thetic,0.0010309278350515464,0.0,149,disgust
deeandra_naya,deeandra_naya,0.0010309278350515464,0.0,149,neutral
persetukuan,persetukuan,0.0010309278350515464,0.0,150,disgust
nyaw2yawn,nyaw2yawn,0.0010309278350515464,0.0,150,neutral
rerawon,rerawon,0.002061855670103093,4.2556360580043196e-06,151,disgust
frrnbtst246,frrnbtst246,0.0010309278350515464,0.0,151,neutral
arieparikesit,arieparikesit,0.002061855670103093,4.2556360580043196e-06,151,disgust
TengkuDTrace,TengkuDTrace,0.0010309278350515464,0.0,117,disgust
tenmaoko,tenmaoko,0.0010309278350515464,0.0,152,disgust
pentolanobuu,pentolanobuu,0.0010309278350515464,0.0,152,disgust
JhHsCwF4_86,JhHsCwF4_86,0.0010309278350515464,0.0,140,disgust
pchu2101,pchu2101,0.0010309278350515464,0.0,122,disgust
4evrlostt,4evrlostt,0.0010309278350515464,0.0,153,disgust
serenaderealm,serenaderealm,0.0010309278350515464,0.0,153,neutral
Toto_B2W,Toto_B2W,0.0010309278350515464,0.0,154,disgust
MasMenteri,MasMenteri,0.0010309278350515464,0.0,154,neutral
secretciaaa,secretciaaa,0.0010309278350515464,0.0,155,disgust
jastipelice,jastipelice,0.0010309278350515464,0.0,155,neutral
zagitovaalinaa,zagitovaalinaa,0.0010309278350515464,0.0,156,disgust
baseconvo,baseconvo,0.0010309278350515464,0.0,156,disgust
rezzahabibie,rezzahabibie,0.0010309278350515464,0.0,101,neutral
machalee26,machalee26,0.0010309278350515464,0.0,157,disgust
Deliarhyu_,Deliarhyu_,0.0010309278350515464,0.0,157,neutral
kukuhya,kukuhya,0.0010309278350515464,0.0,158,disgust
ulasanwarga,ulasanwarga,0.0010309278350515464,0.0,158,neutral
newwiesbear,newwiesbear,0.0010309278350515464,0.0,159,disgust
daysadber,daysadber,0.0010309278350515464,0.0,159,neutral
VisinemaID,VisinemaID,0.0010309278350515464,0.0,160,disgust
RedaGaudiamo,RedaGaudiamo,0.0010309278350515464,0.0,160,neutral
sakuinmypocket,sakuinmypocket,0.0010309278350515464,0.0,161,disgust
hrdbacot,hrdbacot,0.002061855670103093,2.1278180290021598e-06,161,neutral
wolfiesweettalk,wolfiesweettalk,0.0010309278350515464,0.0,122,disgust
humeleceed,humeleceed,0.0010309278350515464,0.0,162,disgust
kucinghilang_,kucinghilang_,0.0010309278350515464,0.0,162,neutral
thranduilion,thranduilion,0.0010309278350515464,0.0,163,disgust
azisanoor,azisanoor,0.0010309278350515464,0.0,163,neutral
Naandaa27,Naandaa27,0.002061855670103093,4.2556360580043196e-06,100,disgust
Polres_Kab_Bima,Polres_Kab_Bima,0.0010309278350515464,0.0,100,neutral
poerisia,poerisia,0.0010309278350515464,0.0,164,disgust
Rickyshenu,Rickyshenu,0.0010309278350515464,0.0,164,neutral
PamenangAgro,PamenangAgro,0.0010309278350515464,0.0,151,neutral
seMOAloka,seMOAloka,0.0010309278350515464,0.0,165,disgust
moa_surabaya,moa_surabaya,0.0010309278350515464,0.0,165,neutral
alssskey,alssskey,0.0010309278350515464,0.0,166,disgust
dindappd,dindappd,0.0010309278350515464,0.0,166,neutral
yourqkitten,yourqkitten,0.0010309278350515464,0.0,167,disgust
ElternHospi,ElternHospi,0.0010309278350515464,0.0,167,neutral
sungjintsel,sungjintsel,0.0010309278350515464,0.0,168,disgust
asteriia_c,asteriia_c,0.0010309278350515464,0.0,168,neutral
sebutsaja_avo,sebutsaja_avo,0.0010309278350515464,0.0,61,neutral
JefriNachkal,JefriNachkal,0.0010309278350515464,0.0,61,neutral
zoelfick,zoelfick,0.0010309278350515464,0.0,169,love
NathaliaChaca,NathaliaChaca,0.0010309278350515464,0.0,169,neutral
cirengkedut,cirengkedut,0.0010309278350515464,0.0,170,disgust
nifar4ngantukZz,nifar4ngantukZz,0.0010309278350515464,0.0,170,neutral
masihmuzysian,masihmuzysian,0.0010309278350515464,0.0,171,disgust
Roseixnx_,Roseixnx_,0.0010309278350515464,0.0,171,neutral
tcroco,tcroco,0.0010309278350515464,0.0,172,disgust
Gunuhg,Gunuhg,0.0010309278350515464,0.0,172,neutral
NamakuAbby,NamakuAbby,0.002061855670103093,2.1278180290021598e-06,173,disgust
Kimmy_JKT48,Kimmy_JKT48,0.0010309278350515464,0.0,173,neutral
GROVY_ID,GROVY_ID,0.0010309278350515464,0.0,173,neutral
abuyahany,abuyahany,0.0010309278350515464,0.0,174,disgust
IRGC__Iran,IRGC__Iran,0.0010309278350515464,0.0,174,neutral
kogjiro,kogjiro,0.0010309278350515464,0.0,175,love
unthomasnt,unthomasnt,0.0010309278350515464,0.0,175,neutral
aaowdih,aaowdih,0.0010309278350515464,0.0,176,disgust
gawincaskey,gawincaskey,0.0010309278350515464,0.0,176,neutral
tattyhassan,tattyhassan,0.0010309278350515464,0.0,177,disgust
yeidd4656,yeidd4656,0.0010309278350515464,0.0,177,neutral
DewTeeID,DewTeeID,0.0010309278350515464,0.0,178,disgust
dew_jsu,dew_jsu,0.0010309278350515464,0.0,178,neutral
lararstudentens,lararstudentens,0.0010309278350515464,0.0,179,disgust
FredrikHjelm4,FredrikHjelm4,0.0010309278350515464,0.0,179,neutral
arguwz,arguwz,0.002061855670103093,2.1278180290021598e-06,180,disgust
natadexox,natadexox,0.0010309278350515464,0.0,180,neutral
jempqut,jempqut,0.0010309278350515464,0.0,180,neutral
sneuperdokkum,sneuperdokkum,0.002061855670103093,2.1278180290021598e-06,181,disgust
BartNijman,BartNijman,0.0010309278350515464,0.0,181,neutral
Johvsinderen,Johvsinderen,0.0010309278350515464,0.0,181,neutral
AtencionYoSoy,AtencionYoSoy,0.0010309278350515464,0.0,182,disgust
josueda34524490,josueda34524490,0.0010309278350515464,0.0,182,neutral
mariolrh,mariolrh,0.0010309278350515464,0.0,183,disgust
PalomaValenciaL,PalomaValenciaL,0.002061855670103093,6.383454087006479e-06,183,neutral
eisbedog,eisbedog,0.004123711340206186,1.59586352175162e-05,184,disgust
meridian_agent,meridian_agent,0.002061855670103093,3.1917270435032395e-06,184,neutral
0xyunss,0xyunss,0.002061855670103093,3.1917270435032395e-06,184,neutral
EvilPanda,EvilPanda,0.0010309278350515464,0.0,184,neutral
MeteoraIDN,MeteoraIDN,0.0010309278350515464,0.0,184,neutral
mulhersonhador,mulhersonhador,0.0010309278350515464,0.0,185,disgust
PacorPo89343,PacorPo89343,0.0010309278350515464,0.0,185,neutral
yvette_yvette19,yvette_yvette19,0.002061855670103093,2.1278180290021598e-06,186,disgust
renepaas,renepaas,0.0010309278350515464,0.0,186,neutral
Gemeente_Pekela,Gemeente_Pekela,0.0010309278350515464,0.0,186,neutral
kodohutu,kodohutu,0.0030927835051546395,6.383454087006479e-06,187,love
mbgnetworkfnf,mbgnetworkfnf,0.0010309278350515464,0.0,187,neutral
GuarEmperor,GuarEmperor,0.0010309278350515464,0.0,187,neutral
setyamickala,setyamickala,0.0010309278350515464,0.0,187,neutral
opiyannn,opiyannn,0.0010309278350515464,0.0,188,disgust
fajrek1,fajrek1,0.0010309278350515464,0.0,188,neutral
rolicein,rolicein,0.0010309278350515464,0.0,189,disgust
shctngstar,shctngstar,0.0010309278350515464,0.0,189,neutral
VivianRojas_13,VivianRojas_13,0.0010309278350515464,0.0,190,disgust
monfleuur,monfleuur,0.0010309278350515464,0.0,190,neutral
SorSarna_n1,SorSarna_n1,0.0010309278350515464,0.0,191,disgust
daniesdsk,daniesdsk,0.0010309278350515464,0.0,191,neutral
AlterTimeSK,AlterTimeSK,0.002061855670103093,0.0,192,disgust
boschettoman,boschettoman,0.0010309278350515464,0.0,193,disgust
samson_samsen,samson_samsen,0.0010309278350515464,0.0,193,neutral
ebo_hoekstra,ebo_hoekstra,0.0010309278350515464,0.0,194,disgust
FritstenHove,FritstenHove,0.0010309278350515464,0.0,194,neutral
xena940769,xena940769,0.0010309278350515464,0.0,195,disgust
Zayniezmoon,Zayniezmoon,0.0010309278350515464,0.0,195,neutral
ojitosdebolillo,ojitosdebolillo,0.0010309278350515464,0.0,196,disgust
AlexBaks82,AlexBaks82,0.0010309278350515464,0.0,196,disgust
marcomout,marcomout,0.0030927835051546395,6.383454087006479e-06,197,disgust
rtvnoord,rtvnoord,0.0010309278350515464,0.0,197,neutral
dvhn_nl,dvhn_nl,0.0010309278350515464,0.0,197,neutral
groningen,groningen,0.0010309278350515464,0.0,197,neutral
ovacionweb,ovacionweb,0.002061855670103093,0.0,198,disgust
ByViral24,ByViral24,0.0010309278350515464,0.0,199,disgust
ABDELAESPRIELLA,ABDELAESPRIELLA,0.0010309278350515464,0.0,199,disgust
bender_great_83,bender_great_83,0.002061855670103093,2.1278180290021598e-06,200,disgust
YilmazTim,YilmazTim,0.0010309278350515464,0.0,200,neutral
Ohmann77,Ohmann77,0.0010309278350515464,0.0,200,neutral
andreamatalinar,andreamatalinar,0.0030927835051546395,6.383454087006479e-06,201,disgust
IraciHassler,IraciHassler,0.0010309278350515464,0.0,201,neutral
Contraloriacl,Contraloriacl,0.0010309278350515464,0.0,201,neutral
GobiernodeChile,GobiernodeChile,0.0010309278350515464,0.0,201,neutral
Pierrot0Fatui,Pierrot0Fatui,0.0010309278350515464,0.0,202,disgust
haloaeven,haloaeven,0.0010309278350515464,0.0,202,neutral
sentiCrysalis,sentiCrysalis,0.002061855670103093,2.1278180290021598e-06,203,disgust
LalooHF,LalooHF,0.0010309278350515464,0.0,203,neutral
jwidemi,jwidemi,0.0010309278350515464,0.0,203,neutral
Ana63490092,Ana63490092,0.0010309278350515464,0.0,204,disgust
Academica2021,Academica2021,0.0010309278350515464,0.0,204,neutral
JohnSmithMason,JohnSmithMason,0.0010309278350515464,0.0,205,love
Chucho324789,Chucho324789,0.0010309278350515464,0.0,205,neutral
SaGo_S7,SaGo_S7,0.002061855670103093,2.1278180290021598e-06,206,disgust
hey_timor,hey_timor,0.0010309278350515464,0.0,206,neutral
vocalissima,vocalissima,0.0010309278350515464,0.0,206,neutral
AdriRM33,AdriRM33,0.0010309278350515464,0.0,207,disgust
latigoserrano,latigoserrano,0.0010309278350515464,0.0,207,neutral
beautyfulifee,beautyfulifee,0.0010309278350515464,0.0,208,disgust
busanonni,busanonni,0.0010309278350515464,0.0,208,disgust
KiraAyunda73114,KiraAyunda73114,0.002061855670103093,1.2766908174012958e-05,9,disgust
bim_need,bim_need,0.0010309278350515464,0.0,9,neutral
susan_amelia46,susan_amelia46,0.002061855670103093,1.06390901450108e-05,122,disgust
artelierlee,artelierlee,0.0010309278350515464,0.0,209,disgust
diszonnect,diszonnect,0.0010309278350515464,0.0,209,neutral
crespo_val20160,crespo_val20160,0.0030927835051546395,6.383454087006479e-06,210,disgust
GuillermoRocaf1,GuillermoRocaf1,0.0010309278350515464,0.0,210,neutral
Fale1495220,Fale1495220,0.0010309278350515464,0.0,210,neutral
policia,policia,0.0010309278350515464,0.0,210,neutral
deluxe_melissa,deluxe_melissa,0.006185567010309279,1.2766908174012958e-05,211,disgust
MyDirtyRelatio1,MyDirtyRelatio1,0.0010309278350515464,0.0,211,neutral
MDHRelaciones,MDHRelaciones,0.0010309278350515464,0.0,211,neutral
mydirtyhobbyen,mydirtyhobbyen,0.0010309278350515464,0.0,211,neutral
MDHRelationship,MDHRelationship,0.0010309278350515464,0.0,211,neutral
Eb68098,Eb68098,0.0030927835051546395,6.383454087006479e-06,212,disgust
Jc_Monroym,Jc_Monroym,0.0010309278350515464,0.0,212,neutral
NancyAntonio14,NancyAntonio14,0.0010309278350515464,0.0,212,neutral
PedroLopzRamos,PedroLopzRamos,0.0010309278350515464,0.0,212,neutral
24710withNuna,24710withNuna,0.0010309278350515464,0.0,9,disgust
Zettart314,Zettart314,0.0010309278350515464,0.0,213,disgust
YisusSen,YisusSen,0.0010309278350515464,0.0,213,neutral
SoyLuisMiGL,SoyLuisMiGL,0.0010309278350515464,0.0,214,disgust
_alanpicks99,_alanpicks99,0.0010309278350515464,0.0,214,neutral
moy_qmac,moy_qmac,0.0010309278350515464,0.0,215,disgust
OfficiaLillyPad,OfficiaLillyPad,0.0010309278350515464,0.0,215,neutral
Yezan135,Yezan135,0.0010309278350515464,0.0,216,disgust
EddyMugward,EddyMugward,0.0010309278350515464,0.0,216,neutral
CaBsCrypto,CaBsCrypto,0.0010309278350515464,0.0,217,disgust
The_Beacon_GG,The_Beacon_GG,0.0010309278350515464,0.0,217,neutral
perez_ivan737,perez_ivan737,0.0010309278350515464,0.0,218,love
Frdagv21,Frdagv21,0.0010309278350515464,0.0,218,neutral
castingdlmex,castingdlmex,0.0010309278350515464,0.0,219,disgust
CGDLMC,CGDLMC,0.0010309278350515464,0.0,219,neutral
alvaromorapy,alvaromorapy,0.0010309278350515464,0.0,220,disgust
nanduti,nanduti,0.0010309278350515464,0.0,220,neutral
Juanctpy,Juanctpy,0.0010309278350515464,0.0,221,disgust
IPSParaguay,IPSParaguay,0.0010309278350515464,0.0,221,neutral
FamilieB3,FamilieB3,0.002061855670103093,2.1278180290021598e-06,222,disgust
cdavandaag,cdavandaag,0.0010309278350515464,0.0,222,neutral
BartvdBrink,BartvdBrink,0.0010309278350515464,0.0,222,neutral
AlientoGratis,AlientoGratis,0.0030927835051546395,1.06390901450108e-05,183,disgust
IvanCepedaCast,IvanCepedaCast,0.0010309278350515464,0.0,183,neutral
PajaritoDeIvan,PajaritoDeIvan,0.0010309278350515464,0.0,183,neutral
BernardoPicks,BernardoPicks,0.0010309278350515464,0.0,223,disgust
AguilaPick,AguilaPick,0.0010309278350515464,0.0,223,neutral
picks_online2,picks_online2,0.0010309278350515464,0.0,224,disgust
1,1,0.0010309278350515464,0.0,224,neutral
ULTIMAHORAENX,ULTIMAHORAENX,0.002061855670103093,0.0,225,disgust
Capitana_espana,Capitana_espana,0.0010309278350515464,0.0,226,disgust
JupolNacional,JupolNacional,0.0010309278350515464,0.0,226,neutral
Miguel_layun,Miguel_layun,0.0010309278350515464,0.0,227,disgust
layvtime,layvtime,0.0010309278350515464,0.0,227,neutral
iannzits,iannzits,0.002061855670103093,2.1278180290021598e-06,228,disgust
shiinabr,shiinabr,0.0010309278350515464,0.0,228,neutral
hypex,hypex,0.0010309278350515464,0.0,228,neutral
besoccer_ES,besoccer_ES,0.0010309278350515464,0.0,229,disgust
valenciacf,valenciacf,0.0010309278350515464,0.0,229,neutral
msbb_id,msbb_id,0.0030927835051546395,0.0,230,disgust
altperfumery,altperfumery,0.0010309278350515464,0.0,230,neutral
voz_populi,voz_populi,0.0030927835051546395,6.383454087006479e-06,231,disgust
crcozar,crcozar,0.0010309278350515464,0.0,231,neutral
JJHerz7,JJHerz7,0.0010309278350515464,0.0,231,neutral
GradaBpro,GradaBpro,0.0010309278350515464,0.0,231,disgust
AnaliticaId,AnaliticaId,0.002061855670103093,0.0,232,disgust
awa17___,awa17___,0.0010309278350515464,0.0,233,disgust
flyPAL,flyPAL,0.0010309278350515464,0.0,233,neutral
Like4star,Like4star,0.002061855670103093,0.0,234,disgust
sup_formacion,sup_formacion,0.0010309278350515464,0.0,235,disgust
Todopolicia,Todopolicia,0.0010309278350515464,0.0,235,neutral
PPBurgosCiudad,PPBurgosCiudad,0.0010309278350515464,0.0,236,disgust
VOXBurgosAyto,VOXBurgosAyto,0.0010309278350515464,0.0,236,neutral
silviaPiriz17,silviaPiriz17,0.002061855670103093,2.1278180290021598e-06,237,disgust
secawards,secawards,0.0010309278350515464,0.0,237,neutral
mancusochiaraok,mancusochiaraok,0.0010309278350515464,0.0,237,neutral
muziekcafe_,muziekcafe_,0.0030927835051546395,6.383454087006479e-06,238,disgust
driejs,driejs,0.0010309278350515464,0.0,238,neutral
TAPETOY,TAPETOY,0.0010309278350515464,0.0,238,neutral
deVorstin,deVorstin,0.0010309278350515464,0.0,238,neutral
mrhitchcok,mrhitchcok,0.0010309278350515464,0.0,239,disgust
merbi2,merbi2,0.0010309278350515464,0.0,239,neutral
Universo970py,Universo970py,0.0010309278350515464,0.0,240,disgust
SomosGEN,SomosGEN,0.0010309278350515464,0.0,240,neutral
Vigoalminuto,Vigoalminuto,0.002061855670103093,2.1278180290021598e-06,241,disgust
depo_es,depo_es,0.0010309278350515464,0.0,241,neutral
LuisaSanchzVigo,LuisaSanchzVigo,0.0010309278350515464,0.0,241,neutral
TwipsX,TwipsX,0.0010309278350515464,0.0,242,disgust
aveai_id,aveai_id,0.0010309278350515464,0.0,242,neutral
CDeporteTV,CDeporteTV,0.002061855670103093,0.0,243,disgust
RaiolaNetworks,RaiolaNetworks,0.0010309278350515464,0.0,244,disgust
seoboxclub,seoboxclub,0.0010309278350515464,0.0,244,neutral
skyundocean,skyundocean,0.0010309278350515464,0.0,245,disgust
txtdarigajelas,txtdarigajelas,0.0010309278350515464,0.0,245,neutral
RevistaRubik,RevistaRubik,0.0010309278350515464,0.0,246,disgust
Cinesa,Cinesa,0.0010309278350515464,0.0,246,neutral
cryptondo,cryptondo,0.002061855670103093,2.1278180290021598e-06,247,disgust
MEXC,MEXC,0.0010309278350515464,0.0,247,neutral
MEXC_ID,MEXC_ID,0.0010309278350515464,0.0,247,neutral
ClubChesterton,ClubChesterton,0.0010309278350515464,0.0,248,disgust
EGMaiquez,EGMaiquez,0.0010309278350515464,0.0,248,neutral
aquatalan,aquatalan,0.0010309278350515464,0.0,249,disgust
cobraxrod,cobraxrod,0.0010309278350515464,0.0,249,neutral
pcastellary,pcastellary,0.0010309278350515464,0.0,250,disgust
PalmaActiva,PalmaActiva,0.0010309278350515464,0.0,250,neutral
Oekoenergie_Red,Oekoenergie_Red,0.002061855670103093,2.1278180290021598e-06,251,disgust
Renexpo,Renexpo,0.0010309278350515464,0.0,251,neutral
oekoenergie,oekoenergie,0.0010309278350515464,0.0,251,neutral
HumanAI_Tech,HumanAI_Tech,0.002061855670103093,0.0,252,disgust
AjuntamentVLC,AjuntamentVLC,0.005154639175257732,2.12781802900216e-05,253,disgust
Microsoft,Microsoft,0.0010309278350515464,0.0,253,neutral
vlcinnovation,vlcinnovation,0.0010309278350515464,0.0,253,neutral
MicrosoftES,MicrosoftES,0.0010309278350515464,0.0,253,neutral
founderz,founderz,0.0010309278350515464,0.0,253,neutral
pue_academy,pue_academy,0.0010309278350515464,0.0,253,neutral
SofyanpanjiA,SofyanpanjiA,0.002061855670103093,1.0639090145010799e-06,184,disgust
AytoParla,AytoParla,0.002061855670103093,2.1278180290021598e-06,254,disgust
CulturaParla,CulturaParla,0.0010309278350515464,0.0,254,neutral
GemaGmagt,GemaGmagt,0.0010309278350515464,0.0,254,neutral
PremPrem484186,PremPrem484186,0.0010309278350515464,0.0,15,disgust
wonwourideul,wonwourideul,0.0010309278350515464,0.0,255,disgust
luvingmaiboys,luvingmaiboys,0.0010309278350515464,0.0,255,neutral
chrysantheana,chrysantheana,0.0010309278350515464,0.0,256,disgust
babu_jabberwock,babu_jabberwock,0.0010309278350515464,0.0,256,neutral
jeyiyosamaz,jeyiyosamaz,0.0010309278350515464,0.0,257,disgust
sweetdsr_,sweetdsr_,0.0010309278350515464,0.0,257,neutral
jazbie15,jazbie15,0.002061855670103093,2.1278180290021598e-06,258,disgust
Vintagesoulc,Vintagesoulc,0.0010309278350515464,0.0,258,neutral
allygarchy,allygarchy,0.0010309278350515464,0.0,258,neutral
dbdbidip,dbdbidip,0.013402061855670104,0.00016596980626216846,259,disgust
greeniefloo,greeniefloo,0.0010309278350515464,0.0,259,neutral
renregalia,renregalia,0.0010309278350515464,0.0,259,neutral
dearluchen,dearluchen,0.0010309278350515464,0.0,259,neutral
chubbyneoguri,chubbyneoguri,0.0010309278350515464,0.0,259,neutral
separuhpuding,separuhpuding,0.0010309278350515464,0.0,259,neutral
anhwho_,anhwho_,0.0010309278350515464,0.0,259,neutral
PlT_A_PAT,PlT_A_PAT,0.0010309278350515464,0.0,259,neutral
ratiotangerang,ratiotangerang,0.0010309278350515464,0.0,259,neutral
Ashtrea23,Ashtrea23,0.0010309278350515464,0.0,259,neutral
xoxuchanx,xoxuchanx,0.0010309278350515464,0.0,259,neutral
Einohaato,Einohaato,0.0010309278350515464,0.0,259,neutral
niki_exe0,niki_exe0,0.0010309278350515464,0.0,259,neutral
mik0chn,mik0chn,0.0010309278350515464,0.0,259,neutral
Marshabeara9x2,Marshabeara9x2,0.005154639175257732,2.12781802900216e-05,260,disgust
hexvanl_,hexvanl_,0.0010309278350515464,0.0,260,neutral
si_pengecutbngt,si_pengecutbngt,0.0010309278350515464,0.0,260,neutral
Toothlessjaywon,Toothlessjaywon,0.0010309278350515464,0.0,260,neutral
yemayo0o,yemayo0o,0.0010309278350515464,0.0,260,neutral
woniebeez_,woniebeez_,0.0010309278350515464,0.0,260,neutral
diora_anr,diora_anr,0.0010309278350515464,0.0,261,disgust
KASTxyz,KASTxyz,0.0010309278350515464,0.0,261,neutral
kesetrump,kesetrump,0.0010309278350515464,0.0,262,disgust
lemcn,lemcn,0.0010309278350515464,0.0,262,disgust
gastronusa,gastronusa,0.0010309278350515464,0.0,263,disgust
SusiloWidodo24,SusiloWidodo24,0.0010309278350515464,0.0,263,neutral
luvdysh_,luvdysh_,0.009278350515463918,7.660144904407775e-05,264,disgust
helloyosh_,helloyosh_,0.0010309278350515464,0.0,264,neutral
ayiurswoo,ayiurswoo,0.0010309278350515464,0.0,264,neutral
yoshirocloud,yoshirocloud,0.0010309278350515464,0.0,264,neutral
dominocivic,dominocivic,0.0010309278350515464,0.0,264,neutral
szzyoxx,szzyoxx,0.0010309278350515464,0.0,264,neutral
dongpyourlove,dongpyourlove,0.0010309278350515464,0.0,264,neutral
wooriebear,wooriebear,0.0010309278350515464,0.0,264,neutral
shinoyaa55_,shinoyaa55_,0.0010309278350515464,0.0,264,neutral
_yorinor1,_yorinor1,0.0010309278350515464,0.0,264,neutral
ShandyTrida,ShandyTrida,0.002061855670103093,2.1278180290021598e-06,265,disgust
pintu_id,pintu_id,0.0010309278350515464,0.0,265,neutral
maxone_lens,maxone_lens,0.0010309278350515464,0.0,265,neutral
cursedkidd,cursedkidd,0.0010309278350515464,0.0,266,disgust
KedaiMamun,KedaiMamun,0.0010309278350515464,0.0,266,neutral
KariSharl,KariSharl,0.0010309278350515464,0.0,267,disgust
_Akarex,_Akarex,0.0010309278350515464,0.0,267,neutral
sikayarayaaa,sikayarayaaa,0.0010309278350515464,0.0,268,disgust
bingungtrs_,bingungtrs_,0.002061855670103093,2.1278180290021598e-06,268,disgust
gmusic95,gmusic95,0.0010309278350515464,0.0,269,disgust
A_VirgiJKT48,A_VirgiJKT48,0.0010309278350515464,0.0,269,neutral
dirtyfingerpunk,dirtyfingerpunk,0.0010309278350515464,0.0,270,disgust
txtdrjkt,txtdrjkt,0.0010309278350515464,0.0,270,neutral
pangerancode,pangerancode,0.0010309278350515464,0.0,61,neutral
The25thSykes,The25thSykes,0.0010309278350515464,0.0,61,disgust
anaketigaaa_,anaketigaaa_,0.0010309278350515464,0.0,61,neutral
kinnpatuhikaru,kinnpatuhikaru,0.0010309278350515464,0.0,61,neutral
AkamuAd,AkamuAd,0.0010309278350515464,0.0,61,neutral
bucin_pocky,bucin_pocky,0.0010309278350515464,0.0,61,neutral
skanayaneko,skanayaneko,0.0010309278350515464,0.0,61,neutral
NdoroTedjo,NdoroTedjo,0.0010309278350515464,0.0,61,neutral
piruinuy,piruinuy,0.0010309278350515464,0.0,61,neutral
AiphNday,AiphNday,0.0010309278350515464,0.0,61,neutral
americanoaddctd,americanoaddctd,0.0010309278350515464,0.0,61,disgust
BangBib4,BangBib4,0.0010309278350515464,0.0,61,neutral
momodisinii,momodisinii,0.0010309278350515464,0.0,61,neutral
reedifuser,reedifuser,0.0010309278350515464,0.0,61,neutral
elegibumi,elegibumi,0.0010309278350515464,0.0,61,neutral
Bulanwangi05,Bulanwangi05,0.0010309278350515464,0.0,61,neutral
tamika47488,tamika47488,0.0010309278350515464,0.0,61,neutral
IkhwanRidhoni,IkhwanRidhoni,0.0010309278350515464,0.0,61,neutral
luckysurprising,luckysurprising,0.0010309278350515464,0.0,61,neutral
markizusss,markizusss,0.0010309278350515464,0.0,61,neutral
anjirbodor,anjirbodor,0.0010309278350515464,0.0,61,neutral
JuanJulianto2,JuanJulianto2,0.0010309278350515464,0.0,61,disgust
R_naraeth7,R_naraeth7,0.0010309278350515464,0.0,61,neutral
steIIamora,steIIamora,0.0010309278350515464,0.0,61,neutral
Dmadiw,Dmadiw,0.0010309278350515464,0.0,61,neutral
Fannyaclara,Fannyaclara,0.0010309278350515464,0.0,61,neutral
saptaipb,saptaipb,0.0010309278350515464,0.0,61,neutral
Chelsdays_,Chelsdays_,0.0010309278350515464,0.0,61,neutral
CityzensIDN,CityzensIDN,0.0010309278350515464,0.0,61,neutral
_Hrst,_Hrst,0.0010309278350515464,0.0,61,disgust
FajriGrahaArtha,FajriGrahaArtha,0.0010309278350515464,0.0,61,neutral
Appraiser008,Appraiser008,0.0010309278350515464,0.0,61,neutral
FahreziBenzima5,FahreziBenzima5,0.0010309278350515464,0.0,271,disgust
AM_EllaJKT48,AM_EllaJKT48,0.0010309278350515464,0.0,271,neutral
ohwatermark,ohwatermark,0.0010309278350515464,0.0,272,disgust
Ceysaaaaaaa,Ceysaaaaaaa,0.0010309278350515464,0.0,272,neutral
hilmy_ii,hilmy_ii,0.0010309278350515464,0.0,273,disgust
L_MarshaJKT48,L_MarshaJKT48,0.0010309278350515464,0.0,273,neutral
chocomatchazx,chocomatchazx,0.0010309278350515464,0.0,274,love
_glimpseeofus,_glimpseeofus,0.0010309278350515464,0.0,274,neutral
Hokben03,Hokben03,0.002061855670103093,2.1278180290021598e-06,275,disgust
TumanMarchel17,TumanMarchel17,0.0010309278350515464,0.0,275,neutral
MusuhMisuh2,MusuhMisuh2,0.0010309278350515464,0.0,275,neutral
rebahaninaja,rebahaninaja,0.0010309278350515464,0.0,276,disgust
yappingfess,yappingfess,0.002061855670103093,2.1278180290021598e-06,276,disgust
athallaseeu,athallaseeu,0.0010309278350515464,0.0,277,disgust
M_MikaelaJKT48,M_MikaelaJKT48,0.0010309278350515464,0.0,277,neutral
KimJeffrii,KimJeffrii,0.0010309278350515464,0.0,278,disgust
A_FionyJKT48,A_FionyJKT48,0.0010309278350515464,0.0,278,neutral
galvynox_,galvynox_,0.0010309278350515464,0.0,112,disgust
Deviiiyyyyy,Deviiiyyyyy,0.0010309278350515464,0.0,279,disgust
Ekin_JKT48,Ekin_JKT48,0.0010309278350515464,0.0,279,neutral
tengklengklewer,tengklengklewer,0.0010309278350515464,0.0,131,disgust
sorejhvi,sorejhvi,0.0010309278350515464,0.0,280,disgust
guesswho1333,guesswho1333,0.0010309278350515464,0.0,280,neutral
esomeprazole__,esomeprazole__,0.0010309278350515464,0.0,281,disgust
foulshades,foulshades,0.0010309278350515464,0.0,281,neutral
abakadabrahh,abakadabrahh,0.0010309278350515464,0.0,268,disgust
milkteand1nnn_,milkteand1nnn_,0.0010309278350515464,0.0,282,disgust
Gardenie13,Gardenie13,0.0010309278350515464,0.0,282,neutral
stymulous__,stymulous__,0.0010309278350515464,0.0,283,disgust
junseokbnuy,junseokbnuy,0.0010309278350515464,0.0,283,neutral
pecintaanabul,pecintaanabul,0.002061855670103093,4.2556360580043196e-06,284,disgust
thejenniegala,thejenniegala,0.0010309278350515464,0.0,284,neutral
Isalajg3348591,Isalajg3348591,0.0010309278350515464,0.0,285,disgust
ardynshufi,ardynshufi,0.0010309278350515464,0.0,285,disgust
Kerikilbangsa,Kerikilbangsa,0.0010309278350515464,0.0,286,disgust
afinasyif,afinasyif,0.0010309278350515464,0.0,286,disgust
kenzowijay46299,kenzowijay46299,0.004123711340206186,2.5533816348025916e-05,44,disgust
ninjahattoriii_,ninjahattoriii_,0.0010309278350515464,0.0,44,neutral
C_IndahJKT48,C_IndahJKT48,0.0010309278350515464,0.0,44,neutral
M_OlineJKT48,M_OlineJKT48,0.0010309278350515464,0.0,44,neutral
eldiablobenak,eldiablobenak,0.0010309278350515464,0.0,287,disgust
tentangbola123,tentangbola123,0.0010309278350515464,0.0,287,neutral
ppapa2972,ppapa2972,0.0010309278350515464,0.0,288,disgust
scorttyz,scorttyz,0.0010309278350515464,0.0,288,neutral
pinnatly,pinnatly,0.0010309278350515464,0.0,289,disgust
txtdaritng,txtdaritng,0.0010309278350515464,0.0,289,neutral
Aemer_,Aemer_,0.0030927835051546395,6.383454087006479e-06,290,disgust
ed8trb,ed8trb,0.0010309278350515464,0.0,290,neutral
UdaShafiq,UdaShafiq,0.0010309278350515464,0.0,290,neutral
bearsejuk,bearsejuk,0.0010309278350515464,0.0,290,neutral
widyaprasapta,widyaprasapta,0.0010309278350515464,0.0,291,disgust
BERSANDlWARA,BERSANDlWARA,0.0010309278350515464,0.0,291,neutral
iyaudah_iyadeh,iyaudah_iyadeh,0.002061855670103093,6.383454087006479e-06,48,disgust
MunchMunc_21,MunchMunc_21,0.0010309278350515464,0.0,48,neutral
terustouring,terustouring,0.0010309278350515464,0.0,161,disgust
vernandaaokt,vernandaaokt,0.0010309278350515464,0.0,276,disgust
aibikh,aibikh,0.002061855670103093,8.511272116008639e-06,27,disgust
Holan_Siregar,Holan_Siregar,0.0010309278350515464,0.0,27,neutral
kumparan,kumparan,0.0010309278350515464,0.0,292,disgust
smansaptk,smansaptk,0.0010309278350515464,0.0,292,neutral
msiera_274,msiera_274,0.0010309278350515464,0.0,293,disgust
icharis,icharis,0.0010309278350515464,0.0,293,neutral
galileomaknyuzz,galileomaknyuzz,0.0010309278350515464,0.0,294,disgust
vieraspace,vieraspace,0.0010309278350515464,0.0,294,neutral
HermanSporty7,HermanSporty7,0.002061855670103093,2.1278180290021598e-06,295,disgust
JoeBiden,JoeBiden,0.0010309278350515464,0.0,295,neutral
Trump,Trump,0.0010309278350515464,0.0,295,neutral
budihar81350991,budihar81350991,0.0010309278350515464,0.0,59,disgust
panoramaindomie,panoramaindomie,0.002061855670103093,2.1278180290021598e-06,296,disgust
rian_onava,rian_onava,0.0010309278350515464,0.0,296,neutral
intersectlife_,intersectlife_,0.0010309278350515464,0.0,296,neutral
worksfess,worksfess,0.0010309278350515464,0.0,122,neutral
gmail_great,gmail_great,0.0010309278350515464,0.0,297,disgust
kevinsebast_,kevinsebast_,0.0010309278350515464,0.0,297,disgust
100hyun_byun,100hyun_byun,0.0010309278350515464,0.0,298,disgust
fleursbee,fleursbee,0.002061855670103093,2.1278180290021598e-06,298,neutral
itsurboihyl,itsurboihyl,0.0010309278350515464,0.0,299,disgust
ikhwanuddin,ikhwanuddin,0.0010309278350515464,0.0,299,neutral
mentally_eels_,mentally_eels_,0.002061855670103093,2.1278180290021598e-06,300,disgust
caloniburt,caloniburt,0.0010309278350515464,0.0,300,neutral
empty__core,empty__core,0.0010309278350515464,0.0,300,neutral
crystvals,crystvals,0.0010309278350515464,0.0,301,disgust
zakkafm,zakkafm,0.0010309278350515464,0.0,301,neutral
hendriany1234,hendriany1234,0.0010309278350515464,0.0,302,disgust
KoonDeexoxo,KoonDeexoxo,0.0010309278350515464,0.0,302,neutral
imran_ansyari77,imran_ansyari77,0.0010309278350515464,0.0,130,disgust
nyinteee,nyinteee,0.002061855670103093,0.0,143,disgust
initial_LS,initial_LS,0.002061855670103093,0.0,143,love
xtzmou,xtzmou,0.002061855670103093,4.2556360580043196e-06,284,disgust
gmnajgy,gmnajgy,0.0010309278350515464,0.0,284,neutral
Aerlangga333,Aerlangga333,0.0010309278350515464,0.0,303,disgust
olinpsych,olinpsych,0.0010309278350515464,0.0,303,neutral
Syrl_Zrlly23,Syrl_Zrlly23,0.0010309278350515464,0.0,304,disgust
thisiskieshaa,thisiskieshaa,0.0010309278350515464,0.0,304,neutral
rubiee_xx,rubiee_xx,0.0010309278350515464,0.0,298,disgust
corcuriosus,corcuriosus,0.002061855670103093,2.1278180290021598e-06,305,disgust
Charlotte841097,Charlotte841097,0.0010309278350515464,0.0,305,neutral
nebulasoull,nebulasoull,0.0010309278350515464,0.0,305,neutral
xihuanese,xihuanese,0.0010309278350515464,0.0,306,disgust
ilyksjthv,ilyksjthv,0.0010309278350515464,0.0,306,neutral
sgnture,sgnture,0.0010309278350515464,0.0,307,disgust
incheonte,incheonte,0.0010309278350515464,0.0,307,neutral
eddesign_,eddesign_,0.0010309278350515464,0.0,11,disgust
chaeyeson,chaeyeson,0.0010309278350515464,0.0,23,disgust
Panurotto,Panurotto,0.0010309278350515464,0.0,58,disgust
menuembegejelek,menuembegejelek,0.0010309278350515464,0.0,308,disgust
pln_123,pln_123,0.0010309278350515464,0.0,308,neutral
XOPwibu,XOPwibu,0.0010309278350515464,0.0,309,disgust
inaho_vt,inaho_vt,0.0010309278350515464,0.0,309,neutral
ngopizx,ngopizx,0.0010309278350515464,0.0,310,disgust
kuronamic,kuronamic,0.0010309278350515464,0.0,310,neutral
hanichaan28,hanichaan28,0.002061855670103093,4.2556360580043196e-06,311,disgust
emmarrch,emmarrch,0.0010309278350515464,0.0,311,neutral
naturemood_,naturemood_,0.002061855670103093,4.2556360580043196e-06,311,neutral
aniesbaswedan,aniesbaswedan,0.0010309278350515464,0.0,15,neutral
nurul_feb42,nurul_feb42,0.0010309278350515464,0.0,311,disgust
ReynaCatherine7,ReynaCatherine7,0.0010309278350515464,0.0,64,disgust
HooyaSs,HooyaSs,0.0010309278350515464,0.0,52,neutral
sydneyzw,sydneyzw,0.0010309278350515464,0.0,312,disgust
MuhammadTuhasan,MuhammadTuhasan,0.0010309278350515464,0.0,312,neutral
TheFesnuk,TheFesnuk,0.0010309278350515464,0.0,76,disgust
mBg_JK,mBg_JK,0.008247422680412371,5.957890481206047e-05,313,disgust
TezmenEmre,TezmenEmre,0.0010309278350515464,0.0,313,neutral
basknlikdivani,basknlikdivani,0.0010309278350515464,0.0,313,neutral
thealpsss0,thealpsss0,0.0010309278350515464,0.0,313,neutral
esreffsahin,esreffsahin,0.0010309278350515464,0.0,313,neutral
2727mmg2727,2727mmg2727,0.0010309278350515464,0.0,313,neutral
htcbicer,htcbicer,0.0010309278350515464,0.0,313,neutral
Besiktas,Besiktas,0.0010309278350515464,0.0,313,neutral
teraholding,teraholding,0.0010309278350515464,0.0,313,neutral
eixyr,eixyr,0.0010309278350515464,0.0,314,disgust
dluxlah,dluxlah,0.0010309278350515464,0.0,314,neutral
_Haris_Srg,_Haris_Srg,0.0010309278350515464,0.0,15,disgust
mandosxyz,mandosxyz,0.0010309278350515464,0.0,315,disgust
FreyaAddict1,FreyaAddict1,0.0010309278350515464,0.0,315,neutral
masaya_npm,masaya_npm,0.002061855670103093,2.1278180290021598e-06,316,disgust
isxmu__,isxmu__,0.0010309278350515464,0.0,316,neutral
shiotsuki_32,shiotsuki_32,0.0010309278350515464,0.0,316,neutral
SetiakuDandi,SetiakuDandi,0.0010309278350515464,0.0,58,disgust
Milantoon,Milantoon,0.0010309278350515464,0.0,58,disgust
RhodesHills,RhodesHills,0.0010309278350515464,0.0,317,disgust
solaceinrua,solaceinrua,0.0010309278350515464,0.0,317,neutral
PUTRY_NUSANTARA,PUTRY_NUSANTARA,0.0010309278350515464,0.0,318,disgust
kylemur_,kylemur_,0.0010309278350515464,0.0,318,neutral
elfasza,elfasza,0.002061855670103093,2.1278180290021598e-06,319,disgust
gentarsedikit,gentarsedikit,0.0010309278350515464,0.0,319,neutral
mazzini_gsp,mazzini_gsp,0.0010309278350515464,0.0,319,neutral
yafiirah,yafiirah,0.0010309278350515464,0.0,320,disgust
zalkad,zalkad,0.0010309278350515464,0.0,320,neutral
txtkaumurban,txtkaumurban,0.0010309278350515464,0.0,321,disgust
bersuwara_,bersuwara_,0.0010309278350515464,0.0,321,neutral
K7_m0en,K7_m0en,0.0010309278350515464,0.0,322,disgust
HumorJonTampan,HumorJonTampan,0.0010309278350515464,0.0,322,neutral
onpredictabel,onpredictabel,0.0010309278350515464,0.0,83,neutral
richbricad,richbricad,0.0010309278350515464,0.0,83,neutral
ijuvw,ijuvw,0.0010309278350515464,0.0,323,disgust
sugondese6666,sugondese6666,0.0010309278350515464,0.0,323,disgust
ohoxnya2,ohoxnya2,0.0010309278350515464,0.0,324,disgust
RagilSemar,RagilSemar,0.0010309278350515464,0.0,324,disgust
suamrembulan13,suamrembulan13,0.0010309278350515464,0.0,325,disgust
RaenLy11643,RaenLy11643,0.0010309278350515464,0.0,325,neutral
Geusan1,Geusan1,0.0010309278350515464,0.0,326,disgust
Jakartalk,Jakartalk,0.0010309278350515464,0.0,326,neutral
acaakaduut,acaakaduut,0.0010309278350515464,0.0,327,disgust
keonhoklepon,keonhoklepon,0.0010309278350515464,0.0,327,neutral
tissue_______,tissue_______,0.0010309278350515464,0.0,328,disgust
ardisatriawan,ardisatriawan,0.0010309278350515464,0.0,328,disgust
Catatan_ali7,Catatan_ali7,0.0010309278350515464,0.0,329,disgust
idextratime,idextratime,0.0010309278350515464,0.0,329,disgust
Bellannieth,Bellannieth,0.0010309278350515464,0.0,56,disgust
masjawa76,masjawa76,0.0010309278350515464,0.0,330,disgust
Brajamusti_YK,Brajamusti_YK,0.0010309278350515464,0.0,330,neutral
bapassamarinda,bapassamarinda,0.0010309278350515464,0.0,331,disgust
pinterpolitik,pinterpolitik,0.0010309278350515464,0.0,331,neutral
SECSundayShow,SECSundayShow,0.0030927835051546395,6.383454087006479e-06,332,disgust
BoardGeniuses,BoardGeniuses,0.0010309278350515464,0.0,332,neutral
FromSluggo,FromSluggo,0.0010309278350515464,0.0,332,neutral
SEC,SEC,0.0010309278350515464,0.0,332,neutral
165Hati,165Hati,0.0010309278350515464,0.0,333,disgust
PDI_Perjuangan,PDI_Perjuangan,0.0010309278350515464,0.0,333,neutral
ryookaasan,ryookaasan,0.006185567010309279,3.19172704350324e-05,334,disgust
seseunseok,seseunseok,0.0010309278350515464,0.0,334,neutral
sekilokentang,sekilokentang,0.0010309278350515464,0.0,334,neutral
widyans_9,widyans_9,0.0010309278350515464,0.0,334,neutral
kurimnida,kurimnida,0.0010309278350515464,0.0,334,neutral
rhmdanicxxy_,rhmdanicxxy_,0.0010309278350515464,0.0,334,neutral
misswichu,misswichu,0.0010309278350515464,0.0,334,neutral
_jnwonwoo,_jnwonwoo,0.002061855670103093,4.2556360580043196e-06,47,disgust
0604ZP,0604ZP,0.0010309278350515464,0.0,47,neutral
carvingcitta_76,carvingcitta_76,0.0010309278350515464,0.0,335,disgust
pssleman,pssleman,0.0010309278350515464,0.0,335,neutral
ks0mbg9C4Btqww5,ks0mbg9C4Btqww5,0.0010309278350515464,0.0,336,love
mami_na0617,mami_na0617,0.0010309278350515464,0.0,336,neutral
cheseeerz,cheseeerz,0.0010309278350515464,0.0,337,disgust
GllsBot,GllsBot,0.0010309278350515464,0.0,337,neutral
jorjimut,jorjimut,0.0010309278350515464,0.0,338,disgust
3363sites,3363sites,0.0010309278350515464,0.0,338,neutral
txtdariyelllow,txtdariyelllow,0.0010309278350515464,0.0,98,disgust
WisdomByDhika,WisdomByDhika,0.0010309278350515464,0.0,15,disgust
Dbay0402,Dbay0402,0.0010309278350515464,0.0,339,disgust
exmutradezone,exmutradezone,0.0010309278350515464,0.0,339,neutral
zhouxihyu,zhouxihyu,0.0010309278350515464,0.0,340,disgust
chaehyuna,chaehyuna,0.0010309278350515464,0.0,340,neutral
M4s_B4y,M4s_B4y,0.0010309278350515464,0.0,341,disgust
TaliUdeng,TaliUdeng,0.0010309278350515464,0.0,341,disgust
noctalura00,noctalura00,0.0010309278350515464,0.0,5,disgust
Nopawel1,Nopawel1,0.0010309278350515464,0.0,5,neutral
