Dimensi Metrik Jaringan,Periode 1: Pra-Eskalasi (Maret–April 2026),Periode 2: Puncak Krisis (Mei 2026),Delta / Interpretasi Dinamika
Rentang Tanggal,2026-03-02 s.d. 2026-04-30,2026-05-01 s.d. 2026-05-24,Fase Inisiasi vs. Puncak Krisis
Total Vertices (|V|),109,871,+762 akun (Ledakan partisipasi publik +699%)
Total Directed Edges (|E|),65,601,+536 relasi (Intensifikasi mention +825%)
Graph Density,0.005522,0.000793,Penurunan kepadatan (jaringan makin sparse)
Weakly Connected Components (WCC),46,304,+258 komponen (Fragmentasi ekstrem)
Giant Component Size,8 akun (7.34%),38 akun (4.36%),Dominasi sub-komponen terisolasi
Network Diameter (Giant),4,2,Penyusutan diameter (pola sentral hub-and-spoke)
Average Geodesic Distance,2.2143,1.9474,Jarak tempuh informasi makin pendek
Louvain Modularity (Q),0.9455,0.9851,+0.0396 (Polarisasi opini mengkristal kuat)
Jumlah Klaster Komunitas,46,304,Multiplikasi kelompok wacana terpisah
Reciprocity Ratio,0.0000 (0%),0.0133 (1.33%),Munculnya komunikasi timbal-balik/debat
Top In-Degree Hub,@prabowo (3),@prabowo (12),Target kebijakan konsisten (@prabowo)
Secondary In-Degree Hub,@dosenkesmas (2),"@tanyakanrl (5), @regar_op0sisi (4)",Pergeseran dari akun edukasi ke akun viral
Top Out-Degree Broadcaster,@grok (5),@grok (37),Eskalasi verifikasi bot AI (@grok)
Top Betweenness Broker,Nihil / 0.0000,"@4Y4NKZ, @regar_op0sisi",Munculnya opinion leader & broker opini
Emosi Dominan (IndoBERT),Neutral & Disgust,Disgust (56.24%) & Sarcasm,Eskalasi afektif ketidakpuasan warganet
