Community_Id,Member_Count,Population_Percentage,Top_Actors
5,46,4.74,"@prabowo, @regar_op0sisi, @punishe98373138"
61,43,4.43,"@grok, @unmagnetism, @shehzaezen"
16,18,1.85,"@4Y4NKZ, @newIding30, @Capitalisborju"
260,14,1.44,"@dbdbidip, @greeniefloo, @renregalia"
8,11,1.13,"@Casagrande10939, @SauloLinsFreir1, @misteriouspavao"
265,10,1.03,"@luvdysh_, @helloyosh_, @ayiurswoo"
314,9,0.93,"@mBg_JK, @TezmenEmre, @basknlikdivani"
9,8,0.82,"@tanyakanrl, @graciasworld_, @KiraAyunda73114"
56,8,0.82,"@multibank_io, @mbgtoken, @teedubya"
335,7,0.72,"@ryookaasan, @seseunseok, @sekilokentang"
44,7,0.72,"@kenzowijay46299, @C_OnielJKT48, @oelmaoel"
123,7,0.72,"@tanyarlfes, @susan_amelia46, @ranqueenie04"
27,6,0.62,"@Makaryo0, @sijidw, @aibikh"
261,6,0.62,"@Marshabeara9x2, @hexvanl_, @si_pengecutbngt"
254,6,0.62,"@AjuntamentVLC, @Microsoft, @vlcinnovation"
185,6,0.62,"@eisbedog, @meridian_agent, @0xyunss"
37,5,0.51,"@ctrlaltdel_77, @naiotnayrad, @geofisi21994"
48,5,0.51,"@hunter_tnok, @deelicato, @iyaudah_iyadeh"
144,5,0.51,"@itbfess_x, @haryfahrain, @nyinteee"
58,5,0.51,"@LambeSahamjja, @0dicta, @Panurotto"
212,5,0.51,"@deluxe_melissa, @MyDirtyRelatio1, @MDHRelaciones"
3,5,0.51,"@Giziiii21, @The911onABC, @HaileeNicole03"
184,5,0.51,"@AlientoGratis, @PalomaValenciaL, @mariolrh"
75,5,0.51,"@Turu748392, @HaryaWee, @ANDIJaya490011"
291,4,0.41,"@Aemer_, @ed8trb, @UdaShafiq"
285,4,0.41,"@pecintaanabul, @xtzmou, @thejenniegala"
47,4,0.41,"@wondunge, @_jnwonwoo, @bicepsmingyu"
113,4,0.41,"@idn_app, @CErine_JKT48, @Rilly_JKT48"
76,4,0.41,"@Arnikaaa7, @ARSIPAJA, @mengendog"
94,4,0.41,"@banten_pemprov, @pemerintahprovinsibanten, @pemprovbanten"
101,4,0.41,"@DivHumas_Polri, @Naandaa27, @raraisya_1"
102,4,0.41,"@Jennywasright, @Delynn_JKT48, @Greesel_JKT48"
59,4,0.41,"@Rooseno16, @KapudS640, @jeanhanji"
312,4,0.41,"@hanichaan28, @naturemood_, @emmarrch"
198,4,0.41,"@marcomout, @rtvnoord, @dvhn_nl"
83,4,0.41,"@MeIlngar, @Aeroleth, @onpredictabel"
152,4,0.41,"@rerawon, @arieparikesit, @frrnbtst246"
333,4,0.41,"@SECSundayShow, @BoardGeniuses, @FromSluggo"
21,4,0.41,"@888MBG, @WesleyHuntTX, @AriFleischer"
213,4,0.41,"@Eb68098, @Jc_Monroym, @NancyAntonio14"
211,4,0.41,"@crespo_val20160, @GuillermoRocaf1, @Fale1495220"
239,4,0.41,"@muziekcafe_, @driejs, @TAPETOY"
188,4,0.41,"@kodohutu, @mbgnetworkfnf, @GuarEmperor"
232,4,0.41,"@voz_populi, @crcozar, @JJHerz7"
202,4,0.41,"@andreamatalinar, @IraciHassler, @Contraloriacl"
99,3,0.31,"@Txtdariiugm, @rmbantitermul, @txtdariyelllow"
207,3,0.31,"@SaGo_S7, @hey_timor, @vocalissima"
187,3,0.31,"@yvette_yvette19, @renepaas, @Gemeente_Pekela"
182,3,0.31,"@sneuperdokkum, @BartNijman, @Johvsinderen"
103,3,0.31,"@Yozgat_gizi, @yozgatfmtv, @Yunusakbaba1905"
277,3,0.31,"@yappingfess, @rebahaninaja, @vernandaaokt"
276,3,0.31,"@Hokben03, @TumanMarchel17, @MusuhMisuh2"
106,3,0.31,"@HimaGiziUhamka, @himagiziuhamka, @efn5645e"
93,3,0.31,"@arrahmah, @arrahmahdotid, @arrahmah_id"
269,3,0.31,"@bingungtrs_, @sikayarayaaa, @abakadabrahh"
204,3,0.31,"@sentiCrysalis, @LalooHF, @jwidemi"
115,3,0.31,"@liaasister, @P3gEl, @ronnyhenk1"
201,3,0.31,"@bender_great_83, @YilmazTim, @Ohmann77"
116,3,0.31,"@tir_mcdohll, @adskals, @vouzmoex"
142,3,0.31,"@ira_ndni, @doublesixbabe, @zeegot_"
118,3,0.31,"@wfr3104, @adzakael, @TengkuDTrace"
181,3,0.31,"@arguwz, @natadexox, @jempqut"
141,3,0.31,"@Alarsszz, @anggraenime, @JhHsCwF4_86"
252,3,0.31,"@Oekoenergie_Red, @Renexpo, @oekoenergie"
242,3,0.31,"@Vigoalminuto, @depo_es, @LuisaSanchzVigo"
255,3,0.31,"@AytoParla, @CulturaParla, @GemaGmagt"
132,3,0.31,"@G_minton, @febrixnx, @tengklengklewer"
131,3,0.31,"@bckupacc99, @QNisa22, @imran_ansyari77"
259,3,0.31,"@jazbie15, @Vintagesoulc, @allygarchy"
238,3,0.31,"@silviaPiriz17, @secawards, @mancusochiaraok"
162,3,0.31,"@hrdbacot, @sakuinmypocket, @terustouring"
229,3,0.31,"@iannzits, @shiinabr, @hypex"
223,3,0.31,"@FamilieB3, @cdavandaag, @BartvdBrink"
125,3,0.31,"@martinayosevina, @FikRiddler, @adanginyah"
174,3,0.31,"@NamakuAbby, @Kimmy_JKT48, @GROVY_ID"
122,3,0.31,"@rince_life, @eLAmaravati, @peppreoni"
248,3,0.31,"@cryptondo, @MEXC, @MEXC_ID"
266,3,0.31,"@ShandyTrida, @pintu_id, @maxone_lens"
0,3,0.31,"@Sekjebn, @ayyubi1127108, @fanserine48"
100,3,0.31,"@MariaAlkaff_, @OmJ_J3Nggott, @Dsxxll5"
296,3,0.31,"@HermanSporty7, @JoeBiden, @Trump"
306,3,0.31,"@corcuriosus, @Charlotte841097, @nebulasoull"
64,3,0.31,"@mukaikhlas, @barcastuff_idn, @ReynaCatherine7"
26,3,0.31,"@danskuss, @anindyabelle, @IOS_GrizlyWolf"
52,3,0.31,"@moonlyheeesunie, @_ikkeunapp, @HooyaSs"
23,3,0.31,"@SpacesFolios, @Khuhua, @chaeyeson"
46,3,0.31,"@jseongnara29, @lheeseungily_, @lopjaywon"
301,3,0.31,"@mentally_eels_, @caloniburt, @empty__core"
299,3,0.31,"@fleursbee, @100hyun_byun, @rubiee_xx"
60,3,0.31,"@SusahDicari_01, @PutraMataSatu, @msaid_didu"
317,3,0.31,"@masaya_npm, @isxmu__, @shiotsuki_32"
297,3,0.31,"@panoramaindomie, @rian_onava, @intersectlife_"
14,3,0.31,"@TKawekas, @daryllno4h, @Verun_000"
11,3,0.31,"@DudeRafay60339, @preman69691, @eddesign_"
7,3,0.31,"@SussySusanti9, @KaZep7, @narkosun"
320,3,0.31,"@elfasza, @gentarsedikit, @mazzini_gsp"
33,3,0.31,"@040Fitri84093, @alwaysNanAd_, @zynjinie_"
329,2,0.21,"@tissue_______, @ardisatriawan"
224,2,0.21,"@BernardoPicks, @AguilaPick"
245,2,0.21,"@RaiolaNetworks, @seoboxclub"
243,2,0.21,"@TwipsX, @aveai_id"
225,2,0.21,"@picks_online2, @1"
227,2,0.21,"@Capitana_espana, @JupolNacional"
228,2,0.21,"@Miguel_layun, @layvtime"
241,2,0.21,"@Universo970py, @SomosGEN"
231,2,0.21,"@msbb_id, @altperfumery"
230,2,0.21,"@besoccer_ES, @valenciacf"
237,2,0.21,"@PPBurgosCiudad, @VOXBurgosAyto"
325,2,0.21,"@ohoxnya2, @RagilSemar"
328,2,0.21,"@acaakaduut, @keonhoklepon"
240,2,0.21,"@mrhitchcok, @merbi2"
234,2,0.21,"@awa17___, @flyPAL"
326,2,0.21,"@suamrembulan13, @RaenLy11643"
327,2,0.21,"@Geusan1, @Jakartalk"
236,2,0.21,"@sup_formacion, @Todopolicia"
330,2,0.21,"@Catatan_ali7, @idextratime"
220,2,0.21,"@castingdlmex, @CGDLMC"
222,2,0.21,"@Juanctpy, @IPSParaguay"
221,2,0.21,"@alvaromorapy, @nanduti"
97,2,0.21,"@M4s_B4y, @TaliUdeng"
341,2,0.21,"@zhouxihyu, @chaehyuna"
203,2,0.21,"@Pierrot0Fatui, @haloaeven"
340,2,0.21,"@Dbay0402, @exmutradezone"
205,2,0.21,"@Ana63490092, @Academica2021"
206,2,0.21,"@JohnSmithMason, @Chucho324789"
208,2,0.21,"@AdriRM33, @latigoserrano"
209,2,0.21,"@beautyfulifee, @busanonni"
339,2,0.21,"@jorjimut, @3363sites"
210,2,0.21,"@artelierlee, @diszonnect"
338,2,0.21,"@cheseeerz, @GllsBot"
337,2,0.21,"@ks0mbg9C4Btqww5, @mami_na0617"
336,2,0.21,"@carvingcitta_76, @pssleman"
334,2,0.21,"@165Hati, @PDI_Perjuangan"
332,2,0.21,"@bapassamarinda, @pinterpolitik"
214,2,0.21,"@Zettart314, @YisusSen"
215,2,0.21,"@SoyLuisMiGL, @_alanpicks99"
216,2,0.21,"@moy_qmac, @OfficiaLillyPad"
217,2,0.21,"@Yezan135, @EddyMugward"
331,2,0.21,"@masjawa76, @Brajamusti_YK"
218,2,0.21,"@CaBsCrypto, @The_Beacon_GG"
219,2,0.21,"@perez_ivan737, @Frdagv21"
247,2,0.21,"@RevistaRubik, @Cinesa"
246,2,0.21,"@skyundocean, @txtdarigajelas"
292,2,0.21,"@widyaprasapta, @BERSANDlWARA"
324,2,0.21,"@ijuvw, @sugondese6666"
271,2,0.21,"@dirtyfingerpunk, @txtdrjkt"
273,2,0.21,"@ohwatermark, @Ceysaaaaaaa"
274,2,0.21,"@hilmy_ii, @L_MarshaJKT48"
275,2,0.21,"@chocomatchazx, @_glimpseeofus"
304,2,0.21,"@Aerlangga333, @olinpsych"
303,2,0.21,"@hendriany1234, @KoonDeexoxo"
302,2,0.21,"@crystvals, @zakkafm"
300,2,0.21,"@itsurboihyl, @ikhwanuddin"
200,2,0.21,"@ByViral24, @ABDELAESPRIELLA"
298,2,0.21,"@gmail_great, @kevinsebast_"
278,2,0.21,"@athallaseeu, @M_MikaelaJKT48"
279,2,0.21,"@KimJeffrii, @A_FionyJKT48"
280,2,0.21,"@Deviiiyyyyy, @Ekin_JKT48"
281,2,0.21,"@sorejhvi, @guesswho1333"
282,2,0.21,"@esomeprazole__, @foulshades"
283,2,0.21,"@milkteand1nnn_, @Gardenie13"
284,2,0.21,"@stymulous__, @junseokbnuy"
295,2,0.21,"@galileomaknyuzz, @vieraspace"
286,2,0.21,"@Isalajg3348591, @ardynshufi"
287,2,0.21,"@Kerikilbangsa, @afinasyif"
288,2,0.21,"@eldiablobenak, @tentangbola123"
289,2,0.21,"@ppapa2972, @scorttyz"
294,2,0.21,"@msiera_274, @icharis"
290,2,0.21,"@pinnatly, @txtdaritng"
272,2,0.21,"@FahreziBenzima5, @AM_EllaJKT48"
270,2,0.21,"@gmusic95, @A_VirgiJKT48"
323,2,0.21,"@K7_m0en, @HumorJonTampan"
305,2,0.21,"@Syrl_Zrlly23, @thisiskieshaa"
249,2,0.21,"@ClubChesterton, @EGMaiquez"
322,2,0.21,"@txtkaumurban, @bersuwara_"
321,2,0.21,"@yafiirah, @zalkad"
293,2,0.21,"@kumparan, @smansaptk"
251,2,0.21,"@pcastellary, @PalmaActiva"
319,2,0.21,"@PUTRY_NUSANTARA, @kylemur_"
318,2,0.21,"@RhodesHills, @solaceinrua"
256,2,0.21,"@wonwourideul, @luvingmaiboys"
257,2,0.21,"@chrysantheana, @babu_jabberwock"
258,2,0.21,"@jeyiyosamaz, @sweetdsr_"
316,2,0.21,"@mandosxyz, @FreyaAddict1"
315,2,0.21,"@eixyr, @dluxlah"
313,2,0.21,"@sydneyzw, @MuhammadTuhasan"
262,2,0.21,"@diora_anr, @KASTxyz"
263,2,0.21,"@kesetrump, @lemcn"
264,2,0.21,"@gastronusa, @SusiloWidodo24"
311,2,0.21,"@ngopizx, @kuronamic"
310,2,0.21,"@XOPwibu, @inaho_vt"
309,2,0.21,"@menuembegejelek, @pln_123"
308,2,0.21,"@sgnture, @incheonte"
267,2,0.21,"@cursedkidd, @KedaiMamun"
268,2,0.21,"@KariSharl, @_Akarex"
307,2,0.21,"@xihuanese, @ilyksjthv"
250,2,0.21,"@aquatalan, @cobraxrod"
173,2,0.21,"@tcroco, @Gunuhg"
110,2,0.21,"@DedynurPalakka, @Arman_topbgt"
70,2,0.21,"@Choco_CakeGirl, @lufcentt"
79,2,0.21,"@yeyonjunm, @ppetalscsbn"
77,2,0.21,"@keisthoughts, @Diary7268742469"
74,2,0.21,"@KRjogjadotcom, @KemenkesRI"
73,2,0.21,"@chronictides, @JunonYaoi"
72,2,0.21,"@UNinIndonesia, @FAO"
71,2,0.21,"@cecanssizzle, @eatsimple_x"
69,2,0.21,"@kirimminji, @haarxto"
81,2,0.21,"@meliacomels, @araalfarc"
68,2,0.21,"@unpwettygurl, @naikkaki"
67,2,0.21,"@real__1993, @official_IMETU"
66,2,0.21,"@vanphetamine, @burjerQUEEN"
65,2,0.21,"@xiaotingiee, @TllorVenus"
63,2,0.21,"@MBGLucas, @therealbuni"
62,2,0.21,"@apatisgelap, @tuanmudazuhri"
80,2,0.21,"@qiyukithes, @kakcaleb"
82,2,0.21,"@xxbunitoxx, @hyulryul"
112,2,0.21,"@verl0x, @bopo_jodhipati"
95,2,0.21,"@sosmedkeras, @ariessphoto"
197,2,0.21,"@ojitosdebolillo, @AlexBaks82"
109,2,0.21,"@afrkml, @tingtingtuing_"
108,2,0.21,"@Navpem, @nksthi"
107,2,0.21,"@YudhaShanny2, @CakArmuji"
105,2,0.21,"@BeYumoi, @jokowi"
98,2,0.21,"@Biskuitcoklat28, @B3doel___"
92,2,0.21,"@Natha66962444, @susno2g"
84,2,0.21,"@rosyyzls, @rosyluluzi"
91,2,0.21,"@aurahoki9_, @henzzid"
90,2,0.21,"@paulus_pebria, @eleanorr234"
89,2,0.21,"@AvelinoGuido28, @tempodotco"
88,2,0.21,"@annebolleyn_, @norihaya_"
87,2,0.21,"@kisscatto, @Burgeohn"
85,2,0.21,"@AzureMandsager, @chomeiyeo"
57,2,0.21,"@EvoXHQ, @pon_beer_mbg"
55,2,0.21,"@kelambang, @SobatUwu"
54,2,0.21,"@baymax911, @neesannisaa"
18,2,0.21,"@citogog, @Duren___"
28,2,0.21,"@menbrrr, @fiif_ardani"
25,2,0.21,"@RekjanS, @FayaAtika"
24,2,0.21,"@Profokiev, @zenitrova"
22,2,0.21,"@karimNoo12, @Y_CynthiaJKT48"
20,2,0.21,"@Hendy74039, @LexMarteg"
19,2,0.21,"@naniesiahidayah, @avocadowaa"
17,2,0.21,"@AsliDongo, @aimr0d"
53,2,0.21,"@Byll_Upg, @BarisanPemudaRI"
13,2,0.21,"@DianRavi, @kudanielbintik"
12,2,0.21,"@junghwcan, @minjeonug"
10,2,0.21,"@byryull, @ryulmaniaz"
6,2,0.21,"@levelupyourss, @abbangz"
4,2,0.21,"@katrinrienks, @denni_sauya"
2,2,0.21,"@hapycbyf, @spicygumbear"
29,2,0.21,"@_Nikolicious, @xongra56latione"
30,2,0.21,"@sabtudepan, @xAvellesch"
31,2,0.21,"@ziyaay111226212, @Sarangkusayang"
32,2,0.21,"@canmenita, @kuyngnim"
34,2,0.21,"@jjuberockin, @xxaegle"
35,2,0.21,"@igt_hast2prast, @otaknyakonslet"
36,2,0.21,"@Leifisherman, @Hidupsebagai62"
38,2,0.21,"@jeymire_, @jahrarubyjaraa"
39,2,0.21,"@EpicRifqi, @kompascom"
40,2,0.21,"@Xint_elvira05, @vespamatic96"
41,2,0.21,"@Ryan_Ramirez, @MiskinTV_"
42,2,0.21,"@Yurifications_, @Aqua_Tako"
43,2,0.21,"@AvocadomiL, @cozyaltruis"
45,2,0.21,"@Aho_Serval, @Nessss_02"
49,2,0.21,"@zellechao, @rsloav"
50,2,0.21,"@4ssahongsam, @13_iwaN"
51,2,0.21,"@aksukadiskon, @kimmyexp"
111,2,0.21,"@markyasoul, @cheettahlee"
15,2,0.21,"@noctalura00, @Nopawel1"
114,2,0.21,"@txtfrommtiktok, @UTDFade"
165,2,0.21,"@poerisia, @Rickyshenu"
171,2,0.21,"@cirengkedut, @nifar4ngantukZz"
170,2,0.21,"@zoelfick, @NathaliaChaca"
169,2,0.21,"@sungjintsel, @asteriia_c"
168,2,0.21,"@yourqkitten, @ElternHospi"
167,2,0.21,"@alssskey, @dindappd"
166,2,0.21,"@seMOAloka, @moa_surabaya"
164,2,0.21,"@thranduilion, @azisanoor"
155,2,0.21,"@Toto_B2W, @MasMenteri"
163,2,0.21,"@humeleceed, @kucinghilang_"
161,2,0.21,"@VisinemaID, @RedaGaudiamo"
160,2,0.21,"@newwiesbear, @daysadber"
159,2,0.21,"@kukuhya, @ulasanwarga"
158,2,0.21,"@machalee26, @Deliarhyu_"
157,2,0.21,"@zagitovaalinaa, @baseconvo"
172,2,0.21,"@masihmuzysian, @Roseixnx_"
1,2,0.21,"@azzundip, @cintamiyamin"
175,2,0.21,"@abuyahany, @IRGC__Iran"
176,2,0.21,"@kogjiro, @unthomasnt"
177,2,0.21,"@aaowdih, @gawincaskey"
178,2,0.21,"@tattyhassan, @yeidd4656"
179,2,0.21,"@DewTeeID, @dew_jsu"
180,2,0.21,"@lararstudentens, @FredrikHjelm4"
183,2,0.21,"@AtencionYoSoy, @josueda34524490"
186,2,0.21,"@mulhersonhador, @PacorPo89343"
189,2,0.21,"@opiyannn, @fajrek1"
190,2,0.21,"@rolicein, @shctngstar"
191,2,0.21,"@VivianRojas_13, @monfleuur"
192,2,0.21,"@SorSarna_n1, @daniesdsk"
194,2,0.21,"@boschettoman, @samson_samsen"
195,2,0.21,"@ebo_hoekstra, @FritstenHove"
196,2,0.21,"@xena940769, @Zayniezmoon"
117,2,0.21,"@judyopiaa, @chessefolkss"
156,2,0.21,"@secretciaaa, @jastipelice"
154,2,0.21,"@4evrlostt, @serenaderealm"
138,2,0.21,"@211_istp, @chanheeehnahc"
119,2,0.21,"@vandelavan, @daybyzak"
120,2,0.21,"@IsmauAlim, @Gendoet3G"
121,2,0.21,"@amateurgy, @hiitsteengirl"
124,2,0.21,"@tresmerveilleux, @cigareaftrdeath"
126,2,0.21,"@amoebazoa_, @Arlecchinio"
127,2,0.21,"@kiyomigummy, @Tenszchii"
128,2,0.21,"@babyrfox, @Hanibon1004"
129,2,0.21,"@Hearts2INA, @Hearts2Hearts"
130,2,0.21,"@susueuno, @thessnam"
133,2,0.21,"@AryaB1172, @Astro_Boy020"
134,2,0.21,"@duraNOTace, @sjfi_twider"
135,2,0.21,"@Callherfray, @Ccookk_"
136,2,0.21,"@flwrm00n, @bardanslm"
153,2,0.21,"@tenmaoko, @pentolanobuu"
137,2,0.21,"@mmelisa0309, @hizwani"
139,2,0.21,"@fishcrman, @galanntis"
145,2,0.21,"@Iam23853426, @qrivasiii"
151,2,0.21,"@persetukuan, @nyaw2yawn"
150,2,0.21,"@hans_thetic, @deeandra_naya"
149,2,0.21,"@shughani06, @ZS2129"
147,2,0.21,"@shavyre, @ocilbetterthing"
146,2,0.21,"@mn_ji__, @carbs_racha"
148,2,0.21,"@duchessutara, @asmaramerona"
143,2,0.21,"@bebekxpanda, @wwwteshow06"
140,2,0.21,"@MFBonX, @Willi301001"
226,1,0.1,@ULTIMAHORAENX
253,1,0.1,@HumanAI_Tech
244,1,0.1,@CDeporteTV
96,1,0.1,@KompasTV
86,1,0.1,@c0rtisean
104,1,0.1,@bersucuregurl
233,1,0.1,@AnaliticaId
193,1,0.1,@AlterTimeSK
78,1,0.1,@signewsx
235,1,0.1,@Like4star
199,1,0.1,@ovacionweb
